,station,sous_station,skystatus_matin,skyStatus,wind,image_neige,calendrier_neige,flocon,date
0,abondance,abondance altitude - 1730 m,-1,7,13,20,2,0,2024-01-29
1,abondance,abondance station - 950 m,-1,7,12,5,5,0,2024-01-29
2,albiez-montrond,albiez-montrond chef lieu - 1490 m,1,9,,25,,0,2024-01-29
3,albiez-montrond,haut du domaine - les aplanes - 2200 m,-1,8,,38,8,0,2024-01-29
4,areches-beaufort,altitude - 2050 m,1,,,230,15,0,2024-01-29
5,areches-beaufort,station - 1200 m,0,,,20,15,0,2024-01-29
6,aussois,fournache - 2700 m,5,5,2,145,240,0,2024-01-29
7,aussois,aussois - 1530 m,,,4,20,20,0,2024-01-29
8,aussois,sommet grand jeu - 2190 m,,,,62,50,0,2024-01-29
9,autrans-meaudre,domaine alpin autrans- méaudre - bas des pistes - 1000 m,1,11,7,30,40,0,2024-01-29
10,autrans-meaudre,domaine nordique autrans-méaudre gève - 1250 m,,,,50,60,0,2024-01-29
11,autrans-meaudre,domaine alpin autrans- méaudre – sommet - 1600 m,8,8,31,50,50,0,2024-01-29
12,autrans-meaudre,domaine nordique méaudre - 940 m,,,,15,15,0,2024-01-29
13,bernex,pré richard - 1300 m,-2,,20,30,15,0,2024-01-29
14,bernex,pelluaz - bas du télésiège - 1576 m,-2,,20,70,2,0,2024-01-29
15,bessans,secteur ski de fond - skating et classique - 1750 m,-3,8,0,62,,0,2024-01-29
16,bonneval-sur-arc,station village - 1800 m,0,3,0,105,10,0,2024-01-29
17,bonneval-sur-arc,sommet des pistes - 3000 m,0,3,10,215,30,0,2024-01-29
18,cauterets,pied de pistes - 1850 m,6,6,5,30,,0,2024-01-29
19,cauterets,crêtes du lys - 2415 m,6,6,5,80,,0,2024-01-29
20,cauterets,pont d  espagne - 1500 m,6,14,4,5,,0,2024-01-29
21,chastreix-sancy,station - 1370 m,4,0,,30,5,0,2024-01-29
22,chastreix-sancy,sommet - 1700 m,,,,5,5,0,2024-01-29
23,chatel-fr,chatel - sommet - 2200 m,8,8,6,135,,2,2024-01-29
24,chatel-fr,chatel - station - 1100 m,5,6,0,10,,2,2024-01-29
25,courchevel,courchevel croisette - 1850 m,9,9,1,119,19,0,2024-01-29
26,courchevel,saulire - 2700 m,5,6,1,218,21,0,2024-01-29
27,crest-voland,crest-voland village - 1230 m,,,,30,3,1,2024-01-29
28,crest-voland,val d arly sommet - 2069 m,,,,,,1,2024-01-29
29,crest-voland,sommet mont lachat - 1650 m,,,,100,10,1,2024-01-29
30,crevoux,crevoux station - 1600 m,-1,7,5,10,5,0,2024-01-29
31,crevoux,crevoux altitude - 2550 m,2,7,10,140,40,0,2024-01-29
32,espace-diamant,crest-voland village - 1230 m,,,,30,3,1,2024-01-29
33,espace-diamant,val d arly sommet - 2069 m,,,,,,0,2024-01-29
34,espace-diamant,sommet mont lachat - 1650 m,,,,100,10,0,2024-01-29
35,espace-diamant,sommet de brichou - 1940 m,8,8,5,170,9,0,2024-01-29
36,espace-diamant,col des saisies - 1650 m,4,8,4,99,7,0,2024-01-29
37,espace-diamant,nd de bellecombe - 1150 m,1,9,4,44,15,0,2024-01-29
38,espace-diamant,val d arly sommet - 2069 m,8,8,4,165,55,0,2024-01-29
39,espace-diamant,praz sur arly - 1035 m,1,9,4,10,10,0,2024-01-29
40,espace-diamant,flumet - 1030 m,1,9,4,10,3,0,2024-01-29
41,evasion-montblanc,megève station - 1151 m,5,9,4,20,20,0,2024-01-29
42,evasion-montblanc,cote 2000 - 2014 m,9,8,3,210,10,0,2024-01-29
43,evasion-montblanc,portes du mont-blanc - 1930 m,-2,0,0,180,30,0,2024-01-29
44,evasion-montblanc,le bettex - 1400 m,7,9,4,20,20,0,2024-01-29
45,evasion-montblanc,mont arbois - 1840 m,9,9,4,130,55,0,2024-01-29
46,evasion-montblanc,signal - 1880 m,10,,0,125,7,0,2024-01-29
47,evasion-montblanc,aiguille - 2450 m,7,,0,255,30,0,2024-01-29
48,flaine,forum - 1600 m,5,10,4,56,,0,2024-01-29
49,flaine,grandes platieres - 2500 m,6,6,2,400,,0,2024-01-29
50,foretblanche,vars altitude - 2750 m,3,3,9,159,32,0,2024-01-29
51,foretblanche,vars station - 1850 m,0,9,4,33,22,0,2024-01-29
52,foretblanche,station - 1850 m,4,9,4,50,5,0,2024-01-29
53,foretblanche,altitude - 2570 m,3,3,8,120,15,0,2024-01-29
54,formigueres,haut de station - 2400 m,,,,30,75,0,2024-01-29
55,formigueres,bas de station - 1700 m,,,,10,35,0,2024-01-29
56,galibier-thabor,valmeinier - 1800 m,4,11,0,53,,0,2024-01-29
57,galibier-thabor,sandoniere - 2750 m,6,6,10,180,,0,2024-01-29
58,galibier-thabor,valloire - 1400 m,0,10,,30,5,1,2024-01-29
59,galibier-thabor,le crey du quart - 2534 m,-5,6,,120,10,0,2024-01-29
60,gavarnie,pied de piste - 1850 m,,,,5,5,0,2024-01-29
61,gavarnie,col des tentes - 2200 m,,,,15,5,0,2024-01-29
62,gourette,gourette station - 1350 m,10,12,5,5,10,0,2024-01-29
63,gourette,sommet - 2450 m,5,5,10,60,20,0,2024-01-29
64,grand-massif,flaine - grandes platieres - 2500 m,6,6,2,400,,0,2024-01-29
65,grand-massif,les carroz - la kédeuze - 1800 m,8,8,,85,2,0,2024-01-29
66,grand-massif,morillon - morillon les esserts - 1077 m,6,10,0,5,,0,2024-01-29
67,grand-tourmalet,pied de pistes 1800 - 1800 m,,,,,,0,2024-01-29
68,grand-tourmalet,sommet 2500 - 2500 m,,,,,,0,2024-01-29
69,grand-tourmalet,pied de pistes 1800 - 1800 m,6,10,,40,49,0,2024-01-29
70,grand-tourmalet,sommet 2500 - 2500 m,6,10,,40,70,0,2024-01-29
71,grandvalira,el tarter - 1710 m,6,2,15,55,4,0,2024-01-29
72,grandvalira,soldeu - 1800 m,5,1,15,55,4,0,2024-01-29
73,grandvalira,canillo - 1500 m,6,2,15,55,4,0,2024-01-29
74,hautacam,naouit haut - 1730 m,,,,0,40,0,2024-01-29
75,hautacam,front de neige - 1525 m,,,,0,30,0,2024-01-29
76,bresse,station - 900 m,6,9,11,60,5,0,2024-01-29
77,bresse,sommet - 1350 m,7,7,45,60,5,0,2024-01-29
78,la-clusaz,col balme - 2500 m,6,6,11,195,5,0,2024-01-29
79,la-clusaz,bergerie - 1800 m,,,,140,5,0,2024-01-29
80,la-clusaz,la clusaz - 1040 m,3,,4,5,5,0,2024-01-29
81,la-norma,village - 1350 m,3,7,4,40,5,0,2024-01-29
82,la-norma,norma 2 - 2750 m,2,3,6,120,5,0,2024-01-29
83,la-norma,mélezet - 2000 m,,,,50,5,0,2024-01-29
84,la-pierre-st-martin,station - 1527 m,11,10,22,10,3,0,2024-01-29
85,la-pierre-st-martin,sommet - 2153 m,9,8,22,30,3,0,2024-01-29
86,la-rosiere,la rosiere - 1850 m,5,10,0,118,86,1,2024-01-29
87,la-rosiere,le fort - 2400 m,3,6,0,280,97,1,2024-01-29
88,la-rosiere,mont valaisan - 2800 m,7,8,0,335,121,1,2024-01-29
89,la-schlucht,front de neige - 1139 m,7,9,18,5,2,0,2024-01-29
90,la-schlucht,sommet - 1245 m,7,8,33,10,2,0,2024-01-29
91,la-thuile,la thuile - 1450 m,-2,3,0,65,15,0,2024-01-29
92,la-thuile,les suches - 2200 m,4,6,0,105,80,0,2024-01-29
93,la-thuile,chaz dura - 2600 m,6,8,0,150,50,0,2024-01-29
94,la-thuile,belvedere - 2700 m,6,4,0,200,55,0,2024-01-29
95,la-thuile,colle piccolo san bernardo - 2188 m,3,4,0,210,55,0,2024-01-29
96,la-toussuire,la toussuire - 1750 m,8,9,4,65,5,0,2024-01-29
97,la-toussuire,sybelles 2400 - 2400 m,8,8,7,140,10,0,2024-01-29
98,la-toussuire,les bottieres - 1160 m,6,12,4,,,0,2024-01-29
99,lans-en-vercors,station - 1400 m,5,10,10,20,3,2,2024-01-29
100,lans-en-vercors,sommet - 1827 m,5,8,20,30,5,2,2024-01-29
101,le-cambre-daze,bas de station - 1650 m,,,,20,40,0,2024-01-29
102,le-cambre-daze,haut de station - 2400 m,,,,20,55,0,2024-01-29
103,le-corbier,l ouillon - 2431 m,8,8,7,130,40,0,2024-01-29
104,le-corbier,le corbier - 1550 m,8,13,0,33,5,0,2024-01-29
105,grandbornand,village - 1000 m,6,11,4,0,5,0,2024-01-29
106,grandbornand,chinaillon - 1300 m,8,10,4,30,2,0,2024-01-29
107,grandbornand,les plans - 1150 m,4,10,5,25,7,0,2024-01-29
108,grandbornand,mont-lachat - 2100 m,8,8,6,150,10,0,2024-01-29
109,le-lioran,station - 1160 m,2,10,10,25,35,0,2024-01-29
110,le-lioran,altitude - 1855 m,6,10,10,5,35,0,2024-01-29
111,les-carroz,village - 1200 m,3,8,,0,18,0,2024-01-29
112,les-carroz,la kédeuze - 1800 m,8,8,,85,2,0,2024-01-29
113,les-carroz,tête des saix - 2120 m,8,8,,92,44,0,2024-01-29
114,les-gets,village - 1200 m,1,7,2,15,13,0,2024-01-29
115,les-gets,sommet - 1800 m,6,6,5,140,5,0,2024-01-29
116,les-menuires / les-bellevilles,st martin - 1369 m,1,11,4,14,10,1,2024-01-29
117,les-menuires / les-bellevilles,station - 1850 m,11,11,5,29,1,1,2024-01-29
118,les-menuires / les-bellevilles,altitude - 2800 m,2,4,10,141,7,1,2024-01-29
119,les-saisies-2,sommet de brichou - 1940 m,8,8,5,170,9,1,2024-01-29
120,les-saisies-2,col des saisies - 1650 m,4,8,4,99,7,1,2024-01-29
121,les-stations-de-la-drome,col de rousset - haut de station - 1550 m,,,,10,20,0,2024-01-29
122,les-stations-de-la-drome,col de rousset - station - 1250 m,,,,0,15,0,2024-01-29
123,les-stations-de-la-drome,font d urle - bas de station - 1400 m,,,,20,48,0,2024-01-29
124,les-stations-de-la-drome,lus la jarjatte - station - 1180 m,,,,0,5,0,2024-01-29
125,les-stations-de-la-drome,lus la jarjatte - haut de station - 1521 m,,,,40,50,0,2024-01-29
126,les-stations-de-la-drome,grand echaillon - station - 1200 m,,,,0,30,0,2024-01-29
127,les-stations-de-la-drome,herbouilly - station - 1300 m,,,,10,40,0,2024-01-29
128,les-stations-de-la-drome,valdrôme -,,,,,,0,2024-01-29
129,les-stations-de-la-drome,stade raphaël poirée - station - 1100 m,,,,0,10,0,2024-01-29
130,les-stations-de-la-drome,stade raphael poirée - haut de station - 1400 m,,,,3,10,0,2024-01-29
131,les-stations-de-la-drome,font d'urle - sommet - 1650 m,,,,40,30,0,2024-01-29
132,les-stations-de-la-drome,grand echaillon - sommet - 1320 m,,,,5,50,0,2024-01-29
133,les-stations-de-la-drome,herbouilly - haut de station - 1522 m,,,,15,25,0,2024-01-29
134,luz-ardiden,luz-ardiden - 1730 m,12,15,,20,3,0,2024-01-29
135,luz-ardiden,sommet - 2500 m,,,,40,3,0,2024-01-29
136,manigod,tête de cabeau - 1650 m,8,9,2,50,20,0,2024-01-29
137,manigod,col de merdassier - 1500 m,4,10,4,30,20,0,2024-01-29
138,meribel-alpina,station - 1450 m,2,11,4,89,10,0,2024-01-29
139,meribel-alpina,altitude - 2952 m,5,6,1,230,50,0,2024-01-29
140,meribel-mottaret,station - 1800 m,2,11,4,89,3,0,2024-01-29
141,meribel-mottaret,altitude - 2700 m,5,6,1,230,10,0,2024-01-29
142,mont-dore,station - 1200 m,6,12,5,20,10,0,2024-01-29
143,mont-dore,sommet - 1850 m,5,10,5,40,20,0,2024-01-29
144,monts-jura,mijoux - valserine - 1000 m,2,10,11,0,4,0,2024-01-29
145,monts-jura,la vattay - 1300 m,,,,35,5,0,2024-01-29
146,monts-jura,la faucille - mont rond - 1550 m,10,8,26,16,10,0,2024-01-29
147,monts-jura,menthieres - 1070 m,,,,,,0,2024-01-29
148,monts-jura,lelex - 900 m,4,10,4,,4,0,2024-01-29
149,monts-jura,lelex - monthoisey - 1680 m,8,8,35,30,10,0,2024-01-29
150,morillon,morillon les esserts - 1077 m,6,10,0,5,,0,2024-01-29
151,morillon,sairon - 1714 m,11,10,2,95,,0,2024-01-29
152,morzine,morzine - pointe de nyon - 2000 m,9,8,5,155,18,0,2024-01-29
153,morzine,morzine - pleney - 1500 m,,,,36,2,0,2024-01-29
154,morzine,morzine - morzine - 1000 m,8,11,0,5,5,0,2024-01-29
155,morzine,les gets - sommet - 1800 m,6,6,5,140,5,0,2024-01-29
156,orelle,station - 2375 m,,,,90,2,0,2024-01-29
157,orelle,altitude - 3200 m,,,,210,12,0,2024-01-29
158,peyragudes,sommet - 2400 m,7,11,20,90,5,0,2024-01-29
159,peyragudes,intermed - 2000 m,,,10,80,5,0,2024-01-29
160,peyragudes,pied piste - 1600 m,9,15,,40,2,0,2024-01-29
161,piau,piau - 1850 m,7,10,10,25,,0,2024-01-29
162,piau,sommet - 2560 m,10,10,12,65,,0,2024-01-29
163,porte-puymorens,haut de station - 2471 m,,,,100,40,0,2024-01-29
164,porte-puymorens,bas de station - 1600 m,,,,50,20,0,2024-01-29
165,portes-du-mont-blanc,combloux - 980 m,0,0,0,0,,1,2024-01-29
166,portes-du-mont-blanc,la giettaz - le plan - 1200 m,-10,0,0,65,10,0,2024-01-29
167,portes-du-mont-blanc,cordon - 1600 m,0,0,0,0,,1,2024-01-29
168,portes-du-mont-blanc,le jaillet - 1600 m,0,0,0,0,,0,2024-01-29
169,praloup,station - 1600 m,-2,7,4,45,20,0,2024-01-29
170,praloup,altitude - 2500 m,4,4,5,55,35,0,2024-01-29
171,praz-lys-sommand,haut fleury - 1970 m,6,7,5,144,6,0,2024-01-29
172,praz-lys-sommand,centre station - 1450 m,6,8,5,52,3,0,2024-01-29
173,queyras,est queyras - haut des pistes - 2060 m,7,7,,60,11,0,2024-01-29
174,queyras,ouest queyras - haut des pistes - 2106 m,6,7,2,70,25,0,2024-01-29
175,queyras,est queyras - bas des pistes - 1554 m,-1,10,0,40,15,0,2024-01-29
176,queyras,ouest queyras - bas des pistes - 1552 m,-1,10,0,40,20,0,2024-01-29
177,risoul,station - 1850 m,4,9,4,50,5,0,2024-01-29
178,risoul,altitude - 2570 m,3,3,8,120,15,0,2024-01-29
179,st-jean-aulps,plateau - 1500 m,,,,90,5,0,2024-01-29
180,st-jean-aulps,sommet des pistes - 1800 m,,,,111,5,0,2024-01-29
181,st-jean-aulps,bas des pistes - 974 m,,,,8,5,0,2024-01-29
182,rouge-gazon,pied des pistes - 980 m,,,,0,,0,2024-01-29
183,rouge-gazon,tete des perches - 1226 m,,,,0,,0,2024-01-29
184,saint-colomban,saint colomban des villards - 1100 m,,,,20,5,0,2024-01-29
185,saint-colomban,saint colomban sommet - 2431 m,,,,60,,0,2024-01-29
186,saintfrancoislongchamp,station - 1650 m,2,10,0,35,5,1,2024-01-29
187,saintfrancoislongchamp,altitude - 2550 m,6,7,9,250,10,1,2024-01-29
188,saint-gervais,saint gervais - le bettex - 1400 m,7,9,4,20,20,2,2024-01-29
189,saint-gervais,saint gervais - mont arbois - 1840 m,9,9,4,130,55,2,2024-01-29
190,saint-sorlin,saint sorlin village - 1600 m,6,13,4,60,5,0,2024-01-29
191,saint-sorlin,saint sorlin 3 lacs - 2620 m,6,6,7,210,30,0,2024-01-29
192,samoens,tete des saix - 2120 m,8,8,2,89,,0,2024-01-29
193,samoens,plateau des saix - 1600 m,5,10,4,25,,0,2024-01-29
194,sanbernardo,la rosière - la rosiere - 1850 m,5,10,0,118,86,0,2024-01-29
195,sanbernardo,la rosière - mont valaisan - 2800 m,7,8,0,335,121,0,2024-01-29
196,sanbernardo,la thuile - les suches - 2200 m,4,6,0,105,80,0,2024-01-29
197,sanbernardo,la thuile - chaz dura - 2600 m,6,8,0,150,50,0,2024-01-29
198,sanbernardo,la thuile - belvedere - 2700 m,6,4,0,200,55,0,2024-01-29
199,sanbernardo,la thuile - colle piccolo san bernardo - 2188 m,3,4,0,210,55,0,2024-01-29
200,sauze,sauze 1400 - 1400 m,1,10,1,40,,0,2024-01-29
201,sauze,sauze 1700 - 1700 m,0,9,0,45,10,0,2024-01-29
202,sauze,col de fours - 2400 m,2,9,0,50,20,0,2024-01-29
203,serre-chevalier,station - 1400 m,-1,10,4,35,3,0,2024-01-29
204,serre-chevalier,sommet - 2800 m,4,3,7,114,10,0,2024-01-29
205,serre-chevalier,altitude - 2100 m,2,,0,135,6,0,2024-01-29
206,sixt,salvagny - 760 m,-1,9,0,35,,0,2024-01-29
207,super-besse,station - 1300 m,8,12,5,40,10,0,2024-01-29
208,super-besse,sommet - 1800 m,7,11,5,30,10,0,2024-01-29
209,super-devoluy,station - 1500 m,0,,5,15,6,0,2024-01-29
210,super-devoluy,sommarel - 2375 m,2,,0,30,10,0,2024-01-29
211,super-devoluy,jas - 1900 m,,,10,25,6,0,2024-01-29
212,sybelles,l ouillon - 2431 m,8,8,7,130,40,0,2024-01-29
213,sybelles,le corbier - 1550 m,8,13,0,33,5,0,2024-01-29
214,sybelles,la toussuire - 1750 m,8,9,4,65,5,0,2024-01-29
215,sybelles,sybelles 2400 - 2400 m,8,8,7,140,10,0,2024-01-29
216,sybelles,les bottieres - 1160 m,6,12,4,,,0,2024-01-29
217,sybelles,saint sorlin village - 1600 m,6,13,4,60,5,0,2024-01-29
218,sybelles,saint sorlin 3 lacs - 2620 m,6,6,7,210,30,0,2024-01-29
219,thollon,parchet - 1870 m,,,,108,1,0,2024-01-29
220,thollon,météo bas - 1570 m,,,,88,1,0,2024-01-29
221,tignes,grande motte - 3032 m,2,3,6,380,10,1,2024-01-29
222,tignes,tignes lac - 2100 m,0,6,4,130,8,1,2024-01-29
223,torgon,plan de croix - station - 1340 m,5,6,0,10,10,0,2024-01-29
224,torgon,plan de croix - sommet - 1900 m,8,8,6,130,20,0,2024-01-29
225,val-d-allos,val d allos - station - 1800 m,1,,5,54,5,0,2024-01-29
226,val-d-allos,val d allos - altitude - 2400 m,,,5,136,24,0,2024-01-29
227,val-d-arly,nd de bellecombe - 1150 m,1,9,4,44,15,0,2024-01-29
228,val-d-arly,val d arly sommet - 2069 m,8,8,4,165,55,0,2024-01-29
229,val-d-arly,praz sur arly - 1035 m,1,9,4,10,10,0,2024-01-29
230,val-d-arly,flumet - 1030 m,1,9,4,10,3,0,2024-01-29
231,val-disere,altitude - 3000 m,2,5,11,200,15,1,2024-01-29
232,val-disere,station - 1800 m,-1,7,2,107,10,1,2024-01-29
233,val-thorens / les-bellevilles,station - 2300 m,1,5,4,160,1,1,2024-01-29
234,val-thorens / les-bellevilles,altitude - 3200 m,8,8,8,220,1,1,2024-01-29
235,valberg-fr,station - 1700 m,2,8,5,35,7,2,2024-01-29
236,valfrejus,valfréjus village - 1550 m,4,7,4,40,5,0,2024-01-29
237,valfrejus,punta bagna - 2737 m,3,3,4,170,5,0,2024-01-29
238,valloire,valloire - 1400 m,0,10,,30,5,1,2024-01-29
239,valloire,le crey du quart - 2534 m,-5,6,,120,10,1,2024-01-29
240,valmeinier,valmeinier - 1800 m,4,11,0,53,,0,2024-01-29
241,valmeinier,sandoniere - 2750 m,6,6,10,180,,0,2024-01-29
242,vars,vars altitude - 2750 m,3,3,9,159,32,0,2024-01-29
243,vars,vars station - 1850 m,0,9,4,33,22,0,2024-01-29
244,vaujany,oz-vaujany - dôme des rousses - 2800 m,0,3,5,240,16,0,2024-01-29
245,vaujany,oz-vaujany - vaujany - 1250 m,5,7,0,15,4,0,2024-01-29
246,villard-de-lans,front de neige villard correncon - 1143 m,,,,40,95,0,2024-01-29
247,villard-de-lans,altitude - 2029 m,,,,80,115,0,2024-01-29
0,abondance,abondance altitude - 1730 m,-4.0,10.0,13.0,20.0,4.0,0,2024-01-28
1,abondance,abondance station - 950 m,2.0,9.0,13.0,7.0,7.0,0,2024-01-28
2,albiez-montrond,albiez-montrond chef lieu - 1490 m,2.0,8.0,,25.0,,0,2024-01-28
3,albiez-montrond,haut du domaine - les aplanes - 2200 m,1.0,6.0,,40.0,10.0,0,2024-01-28
4,areches-beaufort,altitude - 2050 m,3.0,,,232.0,18.0,0,2024-01-28
5,areches-beaufort,station - 1200 m,-2.0,,,22.0,15.0,0,2024-01-28
6,aussois,fournache - 2700 m,8.0,8.0,2.0,145.0,241.0,0,2024-01-28
7,aussois,aussois - 1530 m,,,4.0,22.0,20.0,0,2024-01-28
8,aussois,sommet grand jeu - 2190 m,,,,64.0,50.0,0,2024-01-28
9,autrans-meaudre,domaine alpin autrans- méaudre - bas des pistes - 1000 m,1.0,8.0,9.0,30.0,41.0,0,2024-01-28
10,autrans-meaudre,domaine nordique autrans-méaudre gève - 1250 m,,,,50.0,60.0,0,2024-01-28
11,autrans-meaudre,domaine alpin autrans- méaudre – sommet - 1600 m,9.0,10.0,33.0,51.0,50.0,0,2024-01-28
12,autrans-meaudre,domaine nordique méaudre - 940 m,,,,15.0,15.0,0,2024-01-28
13,bernex,pré richard - 1300 m,-1.0,,22.0,32.0,16.0,0,2024-01-28
14,bernex,pelluaz - bas du télésiège - 1576 m,-2.0,,20.0,70.0,2.0,0,2024-01-28
15,bessans,secteur ski de fond - skating et classique - 1750 m,-6.0,6.0,0.0,62.0,,0,2024-01-28
16,bonneval-sur-arc,station village - 1800 m,1.0,2.0,0.0,107.0,13.0,0,2024-01-28
17,bonneval-sur-arc,sommet des pistes - 3000 m,2.0,5.0,11.0,217.0,30.0,0,2024-01-28
18,cauterets,pied de pistes - 1850 m,6.0,3.0,5.0,31.0,,0,2024-01-28
19,cauterets,crêtes du lys - 2415 m,6.0,4.0,6.0,83.0,,0,2024-01-28
20,cauterets,pont d  espagne - 1500 m,6.0,13.0,4.0,5.0,,0,2024-01-28
21,chastreix-sancy,station - 1370 m,5.0,-3.0,,32.0,5.0,0,2024-01-28
22,chastreix-sancy,sommet - 1700 m,,,,8.0,6.0,0,2024-01-28
23,chatel-fr,chatel - sommet - 2200 m,7.0,10.0,6.0,135.0,,2,2024-01-28
24,chatel-fr,chatel - station - 1100 m,6.0,4.0,2.0,10.0,,2,2024-01-28
25,courchevel,courchevel croisette - 1850 m,7.0,8.0,1.0,119.0,21.0,0,2024-01-28
26,courchevel,saulire - 2700 m,2.0,5.0,1.0,218.0,23.0,0,2024-01-28
27,crest-voland,crest-voland village - 1230 m,,,,30.0,3.0,1,2024-01-28
28,crest-voland,val d arly sommet - 2069 m,,,,,,1,2024-01-28
29,crest-voland,sommet mont lachat - 1650 m,,,,102.0,10.0,1,2024-01-28
30,crevoux,crevoux station - 1600 m,-3.0,10.0,8.0,10.0,5.0,0,2024-01-28
31,crevoux,crevoux altitude - 2550 m,0.0,10.0,10.0,140.0,40.0,0,2024-01-28
32,espace-diamant,crest-voland village - 1230 m,,,,30.0,5.0,1,2024-01-28
33,espace-diamant,val d arly sommet - 2069 m,,,,,,0,2024-01-28
34,espace-diamant,sommet mont lachat - 1650 m,,,,103.0,12.0,0,2024-01-28
35,espace-diamant,sommet de brichou - 1940 m,6.0,5.0,6.0,170.0,9.0,0,2024-01-28
36,espace-diamant,col des saisies - 1650 m,3.0,4.0,6.0,99.0,7.0,0,2024-01-28
37,espace-diamant,nd de bellecombe - 1150 m,-2.0,9.0,4.0,44.0,15.0,0,2024-01-28
38,espace-diamant,val d arly sommet - 2069 m,8.0,7.0,7.0,166.0,55.0,0,2024-01-28
39,espace-diamant,praz sur arly - 1035 m,4.0,7.0,4.0,10.0,10.0,0,2024-01-28
40,espace-diamant,flumet - 1030 m,0.0,8.0,6.0,13.0,5.0,0,2024-01-28
41,evasion-montblanc,megève station - 1151 m,4.0,8.0,6.0,20.0,20.0,0,2024-01-28
42,evasion-montblanc,cote 2000 - 2014 m,7.0,11.0,3.0,210.0,10.0,0,2024-01-28
43,evasion-montblanc,portes du mont-blanc - 1930 m,-5.0,2.0,0.0,180.0,31.0,0,2024-01-28
44,evasion-montblanc,le bettex - 1400 m,6.0,10.0,5.0,20.0,20.0,0,2024-01-28
45,evasion-montblanc,mont arbois - 1840 m,8.0,9.0,4.0,131.0,55.0,0,2024-01-28
46,evasion-montblanc,signal - 1880 m,6.0,,1.0,125.0,8.0,0,2024-01-28
47,evasion-montblanc,aiguille - 2450 m,8.0,,1.0,257.0,33.0,0,2024-01-28
48,flaine,forum - 1600 m,2.0,12.0,4.0,58.0,,0,2024-01-28
49,flaine,grandes platieres - 2500 m,3.0,9.0,4.0,400.0,,0,2024-01-28
50,foretblanche,vars altitude - 2750 m,2.0,3.0,11.0,159.0,33.0,0,2024-01-28
51,foretblanche,vars station - 1850 m,1.0,11.0,6.0,33.0,22.0,0,2024-01-28
52,foretblanche,station - 1850 m,4.0,9.0,4.0,50.0,5.0,0,2024-01-28
53,foretblanche,altitude - 2570 m,4.0,0.0,10.0,120.0,15.0,0,2024-01-28
54,formigueres,haut de station - 2400 m,,,,31.0,75.0,0,2024-01-28
55,formigueres,bas de station - 1700 m,,,,11.0,38.0,0,2024-01-28
56,galibier-thabor,valmeinier - 1800 m,7.0,11.0,0.0,53.0,,0,2024-01-28
57,galibier-thabor,sandoniere - 2750 m,3.0,6.0,10.0,180.0,,0,2024-01-28
58,galibier-thabor,valloire - 1400 m,1.0,9.0,,30.0,7.0,1,2024-01-28
59,galibier-thabor,le crey du quart - 2534 m,-7.0,8.0,,120.0,10.0,0,2024-01-28
60,gavarnie,pied de piste - 1850 m,,,,8.0,8.0,0,2024-01-28
61,gavarnie,col des tentes - 2200 m,,,,15.0,8.0,0,2024-01-28
62,gourette,gourette station - 1350 m,10.0,11.0,6.0,7.0,10.0,0,2024-01-28
63,gourette,sommet - 2450 m,3.0,2.0,10.0,63.0,21.0,0,2024-01-28
64,grand-massif,flaine - grandes platieres - 2500 m,5.0,3.0,2.0,400.0,,0,2024-01-28
65,grand-massif,les carroz - la kédeuze - 1800 m,5.0,5.0,,85.0,3.0,0,2024-01-28
66,grand-massif,morillon - morillon les esserts - 1077 m,8.0,9.0,0.0,5.0,,0,2024-01-28
67,grand-tourmalet,pied de pistes 1800 - 1800 m,,,,,,0,2024-01-28
68,grand-tourmalet,sommet 2500 - 2500 m,,,,,,0,2024-01-28
69,grand-tourmalet,pied de pistes 1800 - 1800 m,7.0,9.0,,40.0,49.0,0,2024-01-28
70,grand-tourmalet,sommet 2500 - 2500 m,9.0,12.0,,41.0,70.0,0,2024-01-28
71,grandvalira,el tarter - 1710 m,4.0,3.0,17.0,55.0,6.0,0,2024-01-28
72,grandvalira,soldeu - 1800 m,2.0,4.0,15.0,55.0,5.0,0,2024-01-28
73,grandvalira,canillo - 1500 m,9.0,1.0,15.0,55.0,4.0,0,2024-01-28
74,hautacam,naouit haut - 1730 m,,,,0.0,43.0,0,2024-01-28
75,hautacam,front de neige - 1525 m,,,,2.0,30.0,0,2024-01-28
76,bresse,station - 900 m,7.0,11.0,11.0,60.0,7.0,0,2024-01-28
77,bresse,sommet - 1350 m,10.0,9.0,45.0,60.0,5.0,0,2024-01-28
78,la-clusaz,col balme - 2500 m,9.0,4.0,11.0,196.0,5.0,0,2024-01-28
79,la-clusaz,bergerie - 1800 m,,,,140.0,7.0,0,2024-01-28
80,la-clusaz,la clusaz - 1040 m,4.0,,7.0,6.0,5.0,0,2024-01-28
81,la-norma,village - 1350 m,5.0,6.0,5.0,42.0,8.0,0,2024-01-28
82,la-norma,norma 2 - 2750 m,2.0,1.0,7.0,122.0,5.0,0,2024-01-28
83,la-norma,mélezet - 2000 m,,,,52.0,5.0,0,2024-01-28
84,la-pierre-st-martin,station - 1527 m,11.0,9.0,24.0,11.0,3.0,0,2024-01-28
85,la-pierre-st-martin,sommet - 2153 m,9.0,6.0,24.0,31.0,3.0,0,2024-01-28
86,la-rosiere,la rosiere - 1850 m,8.0,12.0,0.0,119.0,86.0,1,2024-01-28
87,la-rosiere,le fort - 2400 m,3.0,8.0,0.0,281.0,97.0,1,2024-01-28
88,la-rosiere,mont valaisan - 2800 m,6.0,7.0,2.0,336.0,123.0,1,2024-01-28
89,la-schlucht,front de neige - 1139 m,9.0,10.0,18.0,8.0,2.0,0,2024-01-28
90,la-schlucht,sommet - 1245 m,6.0,9.0,33.0,11.0,2.0,0,2024-01-28
91,la-thuile,la thuile - 1450 m,1.0,3.0,3.0,66.0,15.0,0,2024-01-28
92,la-thuile,les suches - 2200 m,2.0,4.0,3.0,105.0,81.0,0,2024-01-28
93,la-thuile,chaz dura - 2600 m,8.0,7.0,2.0,151.0,52.0,0,2024-01-28
94,la-thuile,belvedere - 2700 m,6.0,2.0,0.0,202.0,56.0,0,2024-01-28
95,la-thuile,colle piccolo san bernardo - 2188 m,2.0,3.0,0.0,212.0,55.0,0,2024-01-28
96,la-toussuire,la toussuire - 1750 m,10.0,9.0,4.0,65.0,5.0,0,2024-01-28
97,la-toussuire,sybelles 2400 - 2400 m,7.0,9.0,9.0,140.0,10.0,0,2024-01-28
98,la-toussuire,les bottieres - 1160 m,8.0,13.0,5.0,,,0,2024-01-28
99,lans-en-vercors,station - 1400 m,5.0,9.0,13.0,20.0,4.0,2,2024-01-28
100,lans-en-vercors,sommet - 1827 m,3.0,6.0,20.0,32.0,5.0,2,2024-01-28
101,le-cambre-daze,bas de station - 1650 m,,,,20.0,40.0,0,2024-01-28
102,le-cambre-daze,haut de station - 2400 m,,,,20.0,55.0,0,2024-01-28
103,le-corbier,l ouillon - 2431 m,7.0,9.0,9.0,130.0,41.0,0,2024-01-28
104,le-corbier,le corbier - 1550 m,10.0,10.0,3.0,34.0,6.0,0,2024-01-28
105,grandbornand,village - 1000 m,6.0,12.0,6.0,3.0,5.0,0,2024-01-28
106,grandbornand,chinaillon - 1300 m,8.0,9.0,4.0,30.0,2.0,0,2024-01-28
107,grandbornand,les plans - 1150 m,4.0,12.0,5.0,25.0,7.0,0,2024-01-28
108,grandbornand,mont-lachat - 2100 m,9.0,7.0,6.0,150.0,10.0,0,2024-01-28
109,le-lioran,station - 1160 m,2.0,8.0,11.0,26.0,36.0,0,2024-01-28
110,le-lioran,altitude - 1855 m,6.0,10.0,10.0,5.0,35.0,0,2024-01-28
111,les-carroz,village - 1200 m,1.0,6.0,,3.0,20.0,0,2024-01-28
112,les-carroz,la kédeuze - 1800 m,10.0,11.0,,85.0,5.0,0,2024-01-28
113,les-carroz,tête des saix - 2120 m,11.0,10.0,,92.0,44.0,0,2024-01-28
114,les-gets,village - 1200 m,1.0,8.0,2.0,15.0,13.0,0,2024-01-28
115,les-gets,sommet - 1800 m,6.0,7.0,5.0,143.0,5.0,0,2024-01-28
116,les-menuires / les-bellevilles,st martin - 1369 m,1.0,14.0,5.0,16.0,10.0,1,2024-01-28
117,les-menuires / les-bellevilles,station - 1850 m,13.0,14.0,5.0,29.0,1.0,1,2024-01-28
118,les-menuires / les-bellevilles,altitude - 2800 m,1.0,1.0,10.0,142.0,9.0,1,2024-01-28
119,les-saisies-2,sommet de brichou - 1940 m,11.0,7.0,6.0,172.0,11.0,1,2024-01-28
120,les-saisies-2,col des saisies - 1650 m,3.0,4.0,4.0,100.0,10.0,1,2024-01-28
121,les-stations-de-la-drome,col de rousset - haut de station - 1550 m,,,,10.0,20.0,0,2024-01-28
122,les-stations-de-la-drome,col de rousset - station - 1250 m,,,,0.0,15.0,0,2024-01-28
123,les-stations-de-la-drome,font d urle - bas de station - 1400 m,,,,22.0,49.0,0,2024-01-28
124,les-stations-de-la-drome,lus la jarjatte - station - 1180 m,,,,0.0,7.0,0,2024-01-28
125,les-stations-de-la-drome,lus la jarjatte - haut de station - 1521 m,,,,40.0,53.0,0,2024-01-28
126,les-stations-de-la-drome,grand echaillon - station - 1200 m,,,,0.0,32.0,0,2024-01-28
127,les-stations-de-la-drome,herbouilly - station - 1300 m,,,,10.0,40.0,0,2024-01-28
128,les-stations-de-la-drome,valdrôme -,,,,,,0,2024-01-28
129,les-stations-de-la-drome,stade raphaël poirée - station - 1100 m,,,,0.0,10.0,0,2024-01-28
130,les-stations-de-la-drome,stade raphael poirée - haut de station - 1400 m,,,,3.0,10.0,0,2024-01-28
131,les-stations-de-la-drome,font d'urle - sommet - 1650 m,,,,42.0,32.0,0,2024-01-28
132,les-stations-de-la-drome,grand echaillon - sommet - 1320 m,,,,6.0,50.0,0,2024-01-28
133,les-stations-de-la-drome,herbouilly - haut de station - 1522 m,,,,15.0,25.0,0,2024-01-28
134,luz-ardiden,luz-ardiden - 1730 m,11.0,17.0,,23.0,4.0,0,2024-01-28
135,luz-ardiden,sommet - 2500 m,,,,40.0,3.0,0,2024-01-28
136,manigod,tête de cabeau - 1650 m,10.0,11.0,3.0,50.0,20.0,0,2024-01-28
137,manigod,col de merdassier - 1500 m,7.0,10.0,6.0,30.0,20.0,0,2024-01-28
138,meribel-alpina,station - 1450 m,3.0,11.0,6.0,89.0,10.0,0,2024-01-28
139,meribel-alpina,altitude - 2952 m,4.0,7.0,3.0,230.0,50.0,0,2024-01-28
140,meribel-mottaret,station - 1800 m,1.0,13.0,4.0,89.0,3.0,0,2024-01-28
141,meribel-mottaret,altitude - 2700 m,4.0,6.0,1.0,233.0,11.0,0,2024-01-28
142,mont-dore,station - 1200 m,6.0,10.0,7.0,20.0,10.0,0,2024-01-28
143,mont-dore,sommet - 1850 m,6.0,12.0,5.0,40.0,23.0,0,2024-01-28
144,monts-jura,mijoux - valserine - 1000 m,-0.0,10.0,11.0,2.0,7.0,0,2024-01-28
145,monts-jura,la vattay - 1300 m,,,,37.0,5.0,0,2024-01-28
146,monts-jura,la faucille - mont rond - 1550 m,8.0,10.0,27.0,17.0,10.0,0,2024-01-28
147,monts-jura,menthieres - 1070 m,,,,,,0,2024-01-28
148,monts-jura,lelex - 900 m,5.0,12.0,4.0,,5.0,0,2024-01-28
149,monts-jura,lelex - monthoisey - 1680 m,5.0,9.0,35.0,30.0,11.0,0,2024-01-28
150,morillon,morillon les esserts - 1077 m,7.0,10.0,0.0,5.0,,0,2024-01-28
151,morillon,sairon - 1714 m,9.0,7.0,2.0,97.0,,0,2024-01-28
152,morzine,morzine - pointe de nyon - 2000 m,9.0,10.0,8.0,156.0,18.0,0,2024-01-28
153,morzine,morzine - pleney - 1500 m,,,,37.0,4.0,0,2024-01-28
154,morzine,morzine - morzine - 1000 m,8.0,11.0,2.0,6.0,6.0,0,2024-01-28
155,morzine,les gets - sommet - 1800 m,7.0,8.0,5.0,141.0,5.0,0,2024-01-28
156,orelle,station - 2375 m,,,,90.0,2.0,0,2024-01-28
157,orelle,altitude - 3200 m,,,,212.0,12.0,0,2024-01-28
158,peyragudes,sommet - 2400 m,9.0,13.0,20.0,90.0,7.0,0,2024-01-28
159,peyragudes,intermed - 2000 m,,,12.0,80.0,8.0,0,2024-01-28
160,peyragudes,pied piste - 1600 m,9.0,12.0,,40.0,2.0,0,2024-01-28
161,piau,piau - 1850 m,6.0,10.0,10.0,25.0,,0,2024-01-28
162,piau,sommet - 2560 m,9.0,9.0,14.0,65.0,,0,2024-01-28
163,porte-puymorens,haut de station - 2471 m,,,,100.0,40.0,0,2024-01-28
164,porte-puymorens,bas de station - 1600 m,,,,50.0,20.0,0,2024-01-28
165,portes-du-mont-blanc,combloux - 980 m,-3.0,3.0,1.0,0.0,,1,2024-01-28
166,portes-du-mont-blanc,la giettaz - le plan - 1200 m,-7.0,-1.0,2.0,65.0,10.0,0,2024-01-28
167,portes-du-mont-blanc,cordon - 1600 m,1.0,1.0,1.0,0.0,,1,2024-01-28
168,portes-du-mont-blanc,le jaillet - 1600 m,-0.0,2.0,1.0,0.0,,0,2024-01-28
169,praloup,station - 1600 m,-4.0,4.0,4.0,48.0,22.0,0,2024-01-28
170,praloup,altitude - 2500 m,4.0,4.0,6.0,55.0,37.0,0,2024-01-28
171,praz-lys-sommand,haut fleury - 1970 m,4.0,8.0,6.0,145.0,6.0,0,2024-01-28
172,praz-lys-sommand,centre station - 1450 m,9.0,7.0,5.0,52.0,3.0,0,2024-01-28
173,queyras,est queyras - haut des pistes - 2060 m,4.0,9.0,,61.0,11.0,0,2024-01-28
174,queyras,ouest queyras - haut des pistes - 2106 m,9.0,7.0,2.0,73.0,26.0,0,2024-01-28
175,queyras,est queyras - bas des pistes - 1554 m,-3.0,7.0,1.0,42.0,16.0,0,2024-01-28
176,queyras,ouest queyras - bas des pistes - 1552 m,-4.0,8.0,0.0,40.0,22.0,0,2024-01-28
177,risoul,station - 1850 m,7.0,7.0,4.0,51.0,6.0,0,2024-01-28
178,risoul,altitude - 2570 m,5.0,2.0,8.0,120.0,15.0,0,2024-01-28
179,st-jean-aulps,plateau - 1500 m,,,,92.0,7.0,0,2024-01-28
180,st-jean-aulps,sommet des pistes - 1800 m,,,,111.0,5.0,0,2024-01-28
181,st-jean-aulps,bas des pistes - 974 m,,,,8.0,5.0,0,2024-01-28
182,rouge-gazon,pied des pistes - 980 m,,,,2.0,,0,2024-01-28
183,rouge-gazon,tete des perches - 1226 m,,,,0.0,,0,2024-01-28
184,saint-colomban,saint colomban des villards - 1100 m,,,,23.0,5.0,0,2024-01-28
185,saint-colomban,saint colomban sommet - 2431 m,,,,60.0,,0,2024-01-28
186,saintfrancoislongchamp,station - 1650 m,0.0,12.0,0.0,35.0,5.0,1,2024-01-28
187,saintfrancoislongchamp,altitude - 2550 m,3.0,10.0,9.0,251.0,10.0,1,2024-01-28
188,saint-gervais,saint gervais - le bettex - 1400 m,8.0,8.0,4.0,20.0,20.0,2,2024-01-28
189,saint-gervais,saint gervais - mont arbois - 1840 m,12.0,11.0,4.0,132.0,58.0,2,2024-01-28
190,saint-sorlin,saint sorlin village - 1600 m,7.0,14.0,4.0,62.0,5.0,0,2024-01-28
191,saint-sorlin,saint sorlin 3 lacs - 2620 m,7.0,8.0,7.0,212.0,32.0,0,2024-01-28
192,samoens,tete des saix - 2120 m,10.0,7.0,3.0,90.0,,0,2024-01-28
193,samoens,plateau des saix - 1600 m,2.0,9.0,4.0,25.0,,0,2024-01-28
194,sanbernardo,la rosière - la rosiere - 1850 m,4.0,12.0,0.0,118.0,86.0,0,2024-01-28
195,sanbernardo,la rosière - mont valaisan - 2800 m,7.0,7.0,1.0,335.0,121.0,0,2024-01-28
196,sanbernardo,la thuile - les suches - 2200 m,1.0,4.0,0.0,106.0,82.0,0,2024-01-28
197,sanbernardo,la thuile - chaz dura - 2600 m,4.0,6.0,0.0,153.0,51.0,0,2024-01-28
198,sanbernardo,la thuile - belvedere - 2700 m,9.0,5.0,1.0,200.0,55.0,0,2024-01-28
199,sanbernardo,la thuile - colle piccolo san bernardo - 2188 m,2.0,3.0,0.0,210.0,57.0,0,2024-01-28
200,sauze,sauze 1400 - 1400 m,2.0,11.0,1.0,40.0,,0,2024-01-28
201,sauze,sauze 1700 - 1700 m,-2.0,11.0,1.0,46.0,10.0,0,2024-01-28
202,sauze,col de fours - 2400 m,3.0,11.0,2.0,50.0,20.0,0,2024-01-28
203,serre-chevalier,station - 1400 m,-3.0,7.0,4.0,37.0,3.0,0,2024-01-28
204,serre-chevalier,sommet - 2800 m,2.0,6.0,7.0,116.0,10.0,0,2024-01-28
205,serre-chevalier,altitude - 2100 m,5.0,,0.0,135.0,6.0,0,2024-01-28
206,sixt,salvagny - 760 m,-3.0,8.0,0.0,36.0,,0,2024-01-28
207,super-besse,station - 1300 m,10.0,12.0,7.0,42.0,13.0,0,2024-01-28
208,super-besse,sommet - 1800 m,8.0,13.0,5.0,30.0,10.0,0,2024-01-28
209,super-devoluy,station - 1500 m,-3.0,,6.0,15.0,8.0,0,2024-01-28
210,super-devoluy,sommarel - 2375 m,4.0,,2.0,30.0,13.0,0,2024-01-28
211,super-devoluy,jas - 1900 m,,,11.0,27.0,8.0,0,2024-01-28
212,sybelles,l ouillon - 2431 m,6.0,7.0,7.0,130.0,40.0,0,2024-01-28
213,sybelles,le corbier - 1550 m,8.0,10.0,0.0,33.0,5.0,0,2024-01-28
214,sybelles,la toussuire - 1750 m,11.0,9.0,4.0,65.0,6.0,0,2024-01-28
215,sybelles,sybelles 2400 - 2400 m,5.0,7.0,7.0,140.0,10.0,0,2024-01-28
216,sybelles,les bottieres - 1160 m,7.0,11.0,4.0,,,0,2024-01-28
217,sybelles,saint sorlin village - 1600 m,9.0,13.0,4.0,61.0,7.0,0,2024-01-28
218,sybelles,saint sorlin 3 lacs - 2620 m,8.0,8.0,7.0,210.0,30.0,0,2024-01-28
219,thollon,parchet - 1870 m,,,,108.0,1.0,0,2024-01-28
220,thollon,météo bas - 1570 m,,,,88.0,2.0,0,2024-01-28
221,tignes,grande motte - 3032 m,4.0,2.0,8.0,382.0,12.0,1,2024-01-28
222,tignes,tignes lac - 2100 m,-1.0,6.0,4.0,130.0,8.0,1,2024-01-28
223,torgon,plan de croix - station - 1340 m,5.0,7.0,3.0,13.0,12.0,0,2024-01-28
224,torgon,plan de croix - sommet - 1900 m,10.0,10.0,6.0,131.0,20.0,0,2024-01-28
225,val-d-allos,val d allos - station - 1800 m,4.0,,5.0,54.0,5.0,0,2024-01-28
226,val-d-allos,val d allos - altitude - 2400 m,,,5.0,139.0,24.0,0,2024-01-28
227,val-d-arly,nd de bellecombe - 1150 m,2.0,9.0,7.0,46.0,16.0,0,2024-01-28
228,val-d-arly,val d arly sommet - 2069 m,9.0,6.0,4.0,165.0,55.0,0,2024-01-28
229,val-d-arly,praz sur arly - 1035 m,-1.0,7.0,4.0,11.0,10.0,0,2024-01-28
230,val-d-arly,flumet - 1030 m,3.0,9.0,6.0,10.0,5.0,0,2024-01-28
231,val-disere,altitude - 3000 m,-0.0,5.0,13.0,200.0,15.0,1,2024-01-28
232,val-disere,station - 1800 m,1.0,10.0,4.0,109.0,12.0,1,2024-01-28
233,val-thorens / les-bellevilles,station - 2300 m,0.0,3.0,4.0,160.0,4.0,1,2024-01-28
234,val-thorens / les-bellevilles,altitude - 3200 m,7.0,6.0,8.0,220.0,4.0,1,2024-01-28
235,valberg-fr,station - 1700 m,4.0,10.0,7.0,35.0,7.0,2,2024-01-28
236,valfrejus,valfréjus village - 1550 m,7.0,8.0,4.0,40.0,5.0,0,2024-01-28
237,valfrejus,punta bagna - 2737 m,5.0,1.0,4.0,172.0,5.0,0,2024-01-28
238,valloire,valloire - 1400 m,1.0,10.0,,31.0,7.0,1,2024-01-28
239,valloire,le crey du quart - 2534 m,-6.0,6.0,,121.0,10.0,1,2024-01-28
240,valmeinier,valmeinier - 1800 m,3.0,13.0,1.0,53.0,,0,2024-01-28
241,valmeinier,sandoniere - 2750 m,8.0,8.0,10.0,180.0,,0,2024-01-28
242,vars,vars altitude - 2750 m,1.0,1.0,9.0,161.0,34.0,0,2024-01-28
243,vars,vars station - 1850 m,3.0,11.0,4.0,34.0,22.0,0,2024-01-28
244,vaujany,oz-vaujany - dôme des rousses - 2800 m,-2.0,3.0,5.0,240.0,18.0,0,2024-01-28
245,vaujany,oz-vaujany - vaujany - 1250 m,5.0,7.0,0.0,16.0,4.0,0,2024-01-28
246,villard-de-lans,front de neige villard correncon - 1143 m,,,,40.0,97.0,0,2024-01-28
247,villard-de-lans,altitude - 2029 m,,,,82.0,116.0,0,2024-01-28
0,abondance,abondance altitude - 1730 m,-6.0,11.0,14.0,20.0,4.0,0,2024-01-27
1,abondance,abondance station - 950 m,4.0,11.0,13.0,8.0,7.0,0,2024-01-27
2,albiez-montrond,albiez-montrond chef lieu - 1490 m,5.0,6.0,,26.0,,0,2024-01-27
3,albiez-montrond,haut du domaine - les aplanes - 2200 m,4.0,5.0,,41.0,10.0,0,2024-01-27
4,areches-beaufort,altitude - 2050 m,3.0,,,234.0,20.0,0,2024-01-27
5,areches-beaufort,station - 1200 m,-4.0,,,23.0,16.0,0,2024-01-27
6,aussois,fournache - 2700 m,8.0,10.0,4.0,148.0,241.0,0,2024-01-27
7,aussois,aussois - 1530 m,,,4.0,22.0,22.0,0,2024-01-27
8,aussois,sommet grand jeu - 2190 m,,,,64.0,50.0,0,2024-01-27
9,autrans-meaudre,domaine alpin autrans- méaudre - bas des pistes - 1000 m,2.0,11.0,9.0,30.0,41.0,0,2024-01-27
10,autrans-meaudre,domaine nordique autrans-méaudre gève - 1250 m,,,,50.0,60.0,0,2024-01-27
11,autrans-meaudre,domaine alpin autrans- méaudre – sommet - 1600 m,8.0,11.0,34.0,51.0,53.0,0,2024-01-27
12,autrans-meaudre,domaine nordique méaudre - 940 m,,,,15.0,16.0,0,2024-01-27
13,bernex,pré richard - 1300 m,-3.0,,24.0,33.0,17.0,0,2024-01-27
14,bernex,pelluaz - bas du télésiège - 1576 m,-3.0,,20.0,70.0,5.0,0,2024-01-27
15,bessans,secteur ski de fond - skating et classique - 1750 m,-7.0,3.0,0.0,62.0,,0,2024-01-27
16,bonneval-sur-arc,station village - 1800 m,4.0,1.0,2.0,108.0,16.0,0,2024-01-27
17,bonneval-sur-arc,sommet des pistes - 3000 m,0.0,4.0,11.0,217.0,30.0,0,2024-01-27
18,cauterets,pied de pistes - 1850 m,6.0,5.0,5.0,34.0,,0,2024-01-27
19,cauterets,crêtes du lys - 2415 m,9.0,6.0,7.0,84.0,,0,2024-01-27
20,cauterets,pont d  espagne - 1500 m,8.0,16.0,4.0,5.0,,0,2024-01-27
21,chastreix-sancy,station - 1370 m,3.0,-2.0,,32.0,5.0,0,2024-01-27
22,chastreix-sancy,sommet - 1700 m,,,,8.0,7.0,0,2024-01-27
23,chatel-fr,chatel - sommet - 2200 m,7.0,10.0,7.0,135.0,,2,2024-01-27
24,chatel-fr,chatel - station - 1100 m,6.0,6.0,2.0,10.0,,2,2024-01-27
25,courchevel,courchevel croisette - 1850 m,4.0,9.0,1.0,120.0,23.0,0,2024-01-27
26,courchevel,saulire - 2700 m,4.0,5.0,1.0,218.0,25.0,0,2024-01-27
27,crest-voland,crest-voland village - 1230 m,,,,30.0,4.0,1,2024-01-27
28,crest-voland,val d arly sommet - 2069 m,,,,,,1,2024-01-27
29,crest-voland,sommet mont lachat - 1650 m,,,,102.0,11.0,1,2024-01-27
30,crevoux,crevoux station - 1600 m,-0.0,8.0,8.0,13.0,5.0,0,2024-01-27
31,crevoux,crevoux altitude - 2550 m,2.0,10.0,13.0,141.0,40.0,0,2024-01-27
32,espace-diamant,crest-voland village - 1230 m,,,,32.0,7.0,1,2024-01-27
33,espace-diamant,val d arly sommet - 2069 m,,,,,,0,2024-01-27
34,espace-diamant,sommet mont lachat - 1650 m,,,,105.0,13.0,0,2024-01-27
35,espace-diamant,sommet de brichou - 1940 m,3.0,2.0,6.0,170.0,10.0,0,2024-01-27
36,espace-diamant,col des saisies - 1650 m,4.0,4.0,7.0,99.0,9.0,0,2024-01-27
37,espace-diamant,nd de bellecombe - 1150 m,-5.0,7.0,5.0,44.0,15.0,0,2024-01-27
38,espace-diamant,val d arly sommet - 2069 m,10.0,7.0,7.0,166.0,56.0,0,2024-01-27
39,espace-diamant,praz sur arly - 1035 m,4.0,9.0,4.0,12.0,11.0,0,2024-01-27
40,espace-diamant,flumet - 1030 m,1.0,10.0,9.0,13.0,5.0,0,2024-01-27
41,evasion-montblanc,megève station - 1151 m,1.0,10.0,6.0,20.0,22.0,0,2024-01-27
42,evasion-montblanc,cote 2000 - 2014 m,6.0,11.0,3.0,211.0,10.0,0,2024-01-27
43,evasion-montblanc,portes du mont-blanc - 1930 m,-3.0,2.0,0.0,180.0,34.0,0,2024-01-27
44,evasion-montblanc,le bettex - 1400 m,5.0,9.0,5.0,23.0,20.0,0,2024-01-27
45,evasion-montblanc,mont arbois - 1840 m,10.0,10.0,7.0,131.0,57.0,0,2024-01-27
46,evasion-montblanc,signal - 1880 m,8.0,,3.0,125.0,10.0,0,2024-01-27
47,evasion-montblanc,aiguille - 2450 m,8.0,,1.0,257.0,34.0,0,2024-01-27
48,flaine,forum - 1600 m,4.0,10.0,4.0,58.0,,0,2024-01-27
49,flaine,grandes platieres - 2500 m,2.0,7.0,4.0,400.0,,0,2024-01-27
50,foretblanche,vars altitude - 2750 m,1.0,6.0,13.0,159.0,34.0,0,2024-01-27
51,foretblanche,vars station - 1850 m,3.0,8.0,8.0,33.0,22.0,0,2024-01-27
52,foretblanche,station - 1850 m,7.0,8.0,7.0,51.0,5.0,0,2024-01-27
53,foretblanche,altitude - 2570 m,1.0,-2.0,10.0,120.0,17.0,0,2024-01-27
54,formigueres,haut de station - 2400 m,,,,31.0,75.0,0,2024-01-27
55,formigueres,bas de station - 1700 m,,,,12.0,38.0,0,2024-01-27
56,galibier-thabor,valmeinier - 1800 m,9.0,9.0,3.0,53.0,,0,2024-01-27
57,galibier-thabor,sandoniere - 2750 m,2.0,5.0,10.0,181.0,,0,2024-01-27
58,galibier-thabor,valloire - 1400 m,-2.0,11.0,,32.0,7.0,1,2024-01-27
59,galibier-thabor,le crey du quart - 2534 m,-6.0,9.0,,122.0,10.0,0,2024-01-27
60,gavarnie,pied de piste - 1850 m,,,,8.0,11.0,0,2024-01-27
61,gavarnie,col des tentes - 2200 m,,,,15.0,8.0,0,2024-01-27
62,gourette,gourette station - 1350 m,8.0,9.0,9.0,9.0,10.0,0,2024-01-27
63,gourette,sommet - 2450 m,6.0,3.0,11.0,65.0,24.0,0,2024-01-27
64,grand-massif,flaine - grandes platieres - 2500 m,7.0,2.0,4.0,402.0,,0,2024-01-27
65,grand-massif,les carroz - la kédeuze - 1800 m,3.0,7.0,,86.0,3.0,0,2024-01-27
66,grand-massif,morillon - morillon les esserts - 1077 m,9.0,11.0,1.0,8.0,,0,2024-01-27
67,grand-tourmalet,pied de pistes 1800 - 1800 m,,,,,,0,2024-01-27
68,grand-tourmalet,sommet 2500 - 2500 m,,,,,,0,2024-01-27
69,grand-tourmalet,pied de pistes 1800 - 1800 m,8.0,6.0,,40.0,49.0,0,2024-01-27
70,grand-tourmalet,sommet 2500 - 2500 m,10.0,15.0,,42.0,70.0,0,2024-01-27
71,grandvalira,el tarter - 1710 m,7.0,6.0,20.0,55.0,7.0,0,2024-01-27
72,grandvalira,soldeu - 1800 m,1.0,4.0,16.0,55.0,5.0,0,2024-01-27
73,grandvalira,canillo - 1500 m,9.0,1.0,15.0,55.0,4.0,0,2024-01-27
74,hautacam,naouit haut - 1730 m,,,,0.0,43.0,0,2024-01-27
75,hautacam,front de neige - 1525 m,,,,5.0,31.0,0,2024-01-27
76,bresse,station - 900 m,4.0,13.0,13.0,60.0,8.0,0,2024-01-27
77,bresse,sommet - 1350 m,8.0,8.0,45.0,60.0,6.0,0,2024-01-27
78,la-clusaz,col balme - 2500 m,10.0,5.0,11.0,196.0,5.0,0,2024-01-27
79,la-clusaz,bergerie - 1800 m,,,,140.0,7.0,0,2024-01-27
80,la-clusaz,la clusaz - 1040 m,5.0,,7.0,6.0,5.0,0,2024-01-27
81,la-norma,village - 1350 m,3.0,9.0,5.0,42.0,11.0,0,2024-01-27
82,la-norma,norma 2 - 2750 m,1.0,3.0,8.0,122.0,5.0,0,2024-01-27
83,la-norma,mélezet - 2000 m,,,,53.0,6.0,0,2024-01-27
84,la-pierre-st-martin,station - 1527 m,9.0,11.0,24.0,11.0,3.0,0,2024-01-27
85,la-pierre-st-martin,sommet - 2153 m,12.0,6.0,26.0,31.0,3.0,0,2024-01-27
86,la-rosiere,la rosiere - 1850 m,5.0,9.0,2.0,119.0,87.0,1,2024-01-27
87,la-rosiere,le fort - 2400 m,4.0,8.0,1.0,281.0,99.0,1,2024-01-27
88,la-rosiere,mont valaisan - 2800 m,4.0,5.0,3.0,337.0,123.0,1,2024-01-27
89,la-schlucht,front de neige - 1139 m,12.0,12.0,18.0,8.0,2.0,0,2024-01-27
90,la-schlucht,sommet - 1245 m,6.0,10.0,35.0,11.0,3.0,0,2024-01-27
91,la-thuile,la thuile - 1450 m,2.0,1.0,3.0,66.0,15.0,0,2024-01-27
92,la-thuile,les suches - 2200 m,2.0,1.0,3.0,105.0,81.0,0,2024-01-27
93,la-thuile,chaz dura - 2600 m,6.0,9.0,2.0,151.0,52.0,0,2024-01-27
94,la-thuile,belvedere - 2700 m,9.0,4.0,0.0,203.0,57.0,0,2024-01-27
95,la-thuile,colle piccolo san bernardo - 2188 m,-1.0,3.0,0.0,212.0,55.0,0,2024-01-27
96,la-toussuire,la toussuire - 1750 m,8.0,8.0,5.0,65.0,7.0,0,2024-01-27
97,la-toussuire,sybelles 2400 - 2400 m,7.0,11.0,10.0,140.0,10.0,0,2024-01-27
98,la-toussuire,les bottieres - 1160 m,10.0,15.0,5.0,,,0,2024-01-27
99,lans-en-vercors,station - 1400 m,4.0,7.0,13.0,20.0,4.0,2,2024-01-27
100,lans-en-vercors,sommet - 1827 m,1.0,5.0,20.0,33.0,5.0,2,2024-01-27
101,le-cambre-daze,bas de station - 1650 m,,,,21.0,41.0,0,2024-01-27
102,le-cambre-daze,haut de station - 2400 m,,,,20.0,55.0,0,2024-01-27
103,le-corbier,l ouillon - 2431 m,7.0,12.0,9.0,132.0,43.0,0,2024-01-27
104,le-corbier,le corbier - 1550 m,11.0,8.0,4.0,34.0,7.0,0,2024-01-27
105,grandbornand,village - 1000 m,8.0,12.0,9.0,5.0,5.0,0,2024-01-27
106,grandbornand,chinaillon - 1300 m,8.0,10.0,5.0,32.0,2.0,0,2024-01-27
107,grandbornand,les plans - 1150 m,6.0,12.0,6.0,27.0,7.0,0,2024-01-27
108,grandbornand,mont-lachat - 2100 m,10.0,4.0,6.0,150.0,12.0,0,2024-01-27
109,le-lioran,station - 1160 m,4.0,8.0,11.0,26.0,36.0,0,2024-01-27
110,le-lioran,altitude - 1855 m,8.0,9.0,12.0,5.0,36.0,0,2024-01-27
111,les-carroz,village - 1200 m,3.0,9.0,,4.0,20.0,0,2024-01-27
112,les-carroz,la kédeuze - 1800 m,11.0,11.0,,86.0,5.0,0,2024-01-27
113,les-carroz,tête des saix - 2120 m,10.0,13.0,,92.0,44.0,0,2024-01-27
114,les-gets,village - 1200 m,1.0,5.0,2.0,15.0,13.0,0,2024-01-27
115,les-gets,sommet - 1800 m,8.0,4.0,5.0,145.0,5.0,0,2024-01-27
116,les-menuires / les-bellevilles,st martin - 1369 m,-1.0,11.0,5.0,16.0,10.0,1,2024-01-27
117,les-menuires / les-bellevilles,station - 1850 m,14.0,14.0,5.0,31.0,1.0,1,2024-01-27
118,les-menuires / les-bellevilles,altitude - 2800 m,-1.0,1.0,10.0,142.0,9.0,1,2024-01-27
119,les-saisies-2,sommet de brichou - 1940 m,12.0,6.0,6.0,172.0,11.0,1,2024-01-27
120,les-saisies-2,col des saisies - 1650 m,1.0,2.0,5.0,103.0,13.0,1,2024-01-27
121,les-stations-de-la-drome,col de rousset - haut de station - 1550 m,,,,10.0,22.0,0,2024-01-27
122,les-stations-de-la-drome,col de rousset - station - 1250 m,,,,2.0,18.0,0,2024-01-27
123,les-stations-de-la-drome,font d urle - bas de station - 1400 m,,,,22.0,49.0,0,2024-01-27
124,les-stations-de-la-drome,lus la jarjatte - station - 1180 m,,,,0.0,7.0,0,2024-01-27
125,les-stations-de-la-drome,lus la jarjatte - haut de station - 1521 m,,,,41.0,53.0,0,2024-01-27
126,les-stations-de-la-drome,grand echaillon - station - 1200 m,,,,1.0,32.0,0,2024-01-27
127,les-stations-de-la-drome,herbouilly - station - 1300 m,,,,11.0,40.0,0,2024-01-27
128,les-stations-de-la-drome,valdrôme -,,,,,,0,2024-01-27
129,les-stations-de-la-drome,stade raphaël poirée - station - 1100 m,,,,0.0,10.0,0,2024-01-27
130,les-stations-de-la-drome,stade raphael poirée - haut de station - 1400 m,,,,6.0,12.0,0,2024-01-27
131,les-stations-de-la-drome,font d'urle - sommet - 1650 m,,,,42.0,32.0,0,2024-01-27
132,les-stations-de-la-drome,grand echaillon - sommet - 1320 m,,,,6.0,51.0,0,2024-01-27
133,les-stations-de-la-drome,herbouilly - haut de station - 1522 m,,,,15.0,26.0,0,2024-01-27
134,luz-ardiden,luz-ardiden - 1730 m,10.0,18.0,,23.0,5.0,0,2024-01-27
135,luz-ardiden,sommet - 2500 m,,,,40.0,3.0,0,2024-01-27
136,manigod,tête de cabeau - 1650 m,9.0,13.0,3.0,50.0,20.0,0,2024-01-27
137,manigod,col de merdassier - 1500 m,9.0,11.0,6.0,30.0,21.0,0,2024-01-27
138,meribel-alpina,station - 1450 m,2.0,11.0,6.0,91.0,10.0,0,2024-01-27
139,meribel-alpina,altitude - 2952 m,4.0,7.0,3.0,230.0,50.0,0,2024-01-27
140,meribel-mottaret,station - 1800 m,1.0,13.0,4.0,89.0,3.0,0,2024-01-27
141,meribel-mottaret,altitude - 2700 m,2.0,3.0,4.0,236.0,12.0,0,2024-01-27
142,mont-dore,station - 1200 m,8.0,8.0,7.0,20.0,11.0,0,2024-01-27
143,mont-dore,sommet - 1850 m,8.0,15.0,8.0,41.0,23.0,0,2024-01-27
144,monts-jura,mijoux - valserine - 1000 m,0.0,8.0,12.0,5.0,8.0,0,2024-01-27
145,monts-jura,la vattay - 1300 m,,,,37.0,8.0,0,2024-01-27
146,monts-jura,la faucille - mont rond - 1550 m,8.0,9.0,27.0,18.0,11.0,0,2024-01-27
147,monts-jura,menthieres - 1070 m,,,,,,0,2024-01-27
148,monts-jura,lelex - 900 m,5.0,13.0,7.0,,7.0,0,2024-01-27
149,monts-jura,lelex - monthoisey - 1680 m,6.0,7.0,35.0,32.0,11.0,0,2024-01-27
150,morillon,morillon les esserts - 1077 m,7.0,9.0,1.0,5.0,,0,2024-01-27
151,morillon,sairon - 1714 m,8.0,8.0,2.0,99.0,,0,2024-01-27
152,morzine,morzine - pointe de nyon - 2000 m,7.0,10.0,11.0,158.0,20.0,0,2024-01-27
153,morzine,morzine - pleney - 1500 m,,,,37.0,4.0,0,2024-01-27
154,morzine,morzine - morzine - 1000 m,6.0,12.0,5.0,6.0,7.0,0,2024-01-27
155,morzine,les gets - sommet - 1800 m,8.0,8.0,6.0,141.0,8.0,0,2024-01-27
156,orelle,station - 2375 m,,,,92.0,2.0,0,2024-01-27
157,orelle,altitude - 3200 m,,,,212.0,12.0,0,2024-01-27
158,peyragudes,sommet - 2400 m,12.0,16.0,23.0,92.0,8.0,0,2024-01-27
159,peyragudes,intermed - 2000 m,,,15.0,80.0,8.0,0,2024-01-27
160,peyragudes,pied piste - 1600 m,11.0,10.0,,42.0,3.0,0,2024-01-27
161,piau,piau - 1850 m,6.0,10.0,10.0,27.0,,0,2024-01-27
162,piau,sommet - 2560 m,8.0,10.0,14.0,66.0,,0,2024-01-27
163,porte-puymorens,haut de station - 2471 m,,,,100.0,40.0,0,2024-01-27
164,porte-puymorens,bas de station - 1600 m,,,,50.0,20.0,0,2024-01-27
165,portes-du-mont-blanc,combloux - 980 m,-3.0,6.0,2.0,0.0,,1,2024-01-27
166,portes-du-mont-blanc,la giettaz - le plan - 1200 m,-5.0,-2.0,2.0,65.0,10.0,0,2024-01-27
167,portes-du-mont-blanc,cordon - 1600 m,-1.0,4.0,1.0,2.0,,1,2024-01-27
168,portes-du-mont-blanc,le jaillet - 1600 m,-2.0,4.0,1.0,0.0,,0,2024-01-27
169,praloup,station - 1600 m,-4.0,4.0,6.0,51.0,23.0,0,2024-01-27
170,praloup,altitude - 2500 m,4.0,4.0,7.0,57.0,39.0,0,2024-01-27
171,praz-lys-sommand,haut fleury - 1970 m,5.0,10.0,6.0,146.0,6.0,0,2024-01-27
172,praz-lys-sommand,centre station - 1450 m,9.0,6.0,8.0,52.0,6.0,0,2024-01-27
173,queyras,est queyras - haut des pistes - 2060 m,5.0,10.0,,61.0,14.0,0,2024-01-27
174,queyras,ouest queyras - haut des pistes - 2106 m,10.0,8.0,2.0,73.0,27.0,0,2024-01-27
175,queyras,est queyras - bas des pistes - 1554 m,-0.0,6.0,1.0,43.0,16.0,0,2024-01-27
176,queyras,ouest queyras - bas des pistes - 1552 m,-4.0,7.0,0.0,40.0,22.0,0,2024-01-27
177,risoul,station - 1850 m,7.0,4.0,6.0,51.0,6.0,0,2024-01-27
178,risoul,altitude - 2570 m,6.0,3.0,9.0,120.0,16.0,0,2024-01-27
179,st-jean-aulps,plateau - 1500 m,,,,95.0,10.0,0,2024-01-27
180,st-jean-aulps,sommet des pistes - 1800 m,,,,111.0,5.0,0,2024-01-27
181,st-jean-aulps,bas des pistes - 974 m,,,,11.0,7.0,0,2024-01-27
182,rouge-gazon,pied des pistes - 980 m,,,,4.0,,0,2024-01-27
183,rouge-gazon,tete des perches - 1226 m,,,,1.0,,0,2024-01-27
184,saint-colomban,saint colomban des villards - 1100 m,,,,23.0,7.0,0,2024-01-27
185,saint-colomban,saint colomban sommet - 2431 m,,,,60.0,,0,2024-01-27
186,saintfrancoislongchamp,station - 1650 m,-1.0,11.0,2.0,36.0,5.0,1,2024-01-27
187,saintfrancoislongchamp,altitude - 2550 m,6.0,10.0,10.0,252.0,11.0,1,2024-01-27
188,saint-gervais,saint gervais - le bettex - 1400 m,7.0,7.0,6.0,20.0,20.0,2,2024-01-27
189,saint-gervais,saint gervais - mont arbois - 1840 m,10.0,11.0,4.0,132.0,58.0,2,2024-01-27
190,saint-sorlin,saint sorlin village - 1600 m,9.0,15.0,4.0,62.0,5.0,0,2024-01-27
191,saint-sorlin,saint sorlin 3 lacs - 2620 m,4.0,6.0,7.0,214.0,33.0,0,2024-01-27
192,samoens,tete des saix - 2120 m,10.0,5.0,3.0,92.0,,0,2024-01-27
193,samoens,plateau des saix - 1600 m,5.0,10.0,4.0,25.0,,0,2024-01-27
194,sanbernardo,la rosière - la rosiere - 1850 m,1.0,11.0,2.0,118.0,86.0,0,2024-01-27
195,sanbernardo,la rosière - mont valaisan - 2800 m,6.0,9.0,1.0,335.0,121.0,0,2024-01-27
196,sanbernardo,la thuile - les suches - 2200 m,3.0,4.0,0.0,108.0,82.0,0,2024-01-27
197,sanbernardo,la thuile - chaz dura - 2600 m,1.0,3.0,0.0,156.0,52.0,0,2024-01-27
198,sanbernardo,la thuile - belvedere - 2700 m,12.0,3.0,1.0,200.0,55.0,0,2024-01-27
199,sanbernardo,la thuile - colle piccolo san bernardo - 2188 m,1.0,1.0,0.0,211.0,59.0,0,2024-01-27
200,sauze,sauze 1400 - 1400 m,1.0,12.0,1.0,40.0,,0,2024-01-27
201,sauze,sauze 1700 - 1700 m,1.0,13.0,4.0,47.0,12.0,0,2024-01-27
202,sauze,col de fours - 2400 m,2.0,11.0,2.0,50.0,20.0,0,2024-01-27
203,serre-chevalier,station - 1400 m,-5.0,4.0,7.0,37.0,6.0,0,2024-01-27
204,serre-chevalier,sommet - 2800 m,-0.0,8.0,9.0,116.0,10.0,0,2024-01-27
205,serre-chevalier,altitude - 2100 m,3.0,,1.0,135.0,8.0,0,2024-01-27
206,sixt,salvagny - 760 m,-0.0,6.0,0.0,36.0,,0,2024-01-27
207,super-besse,station - 1300 m,8.0,10.0,9.0,43.0,13.0,0,2024-01-27
208,super-besse,sommet - 1800 m,6.0,15.0,5.0,30.0,12.0,0,2024-01-27
209,super-devoluy,station - 1500 m,-2.0,,6.0,15.0,8.0,0,2024-01-27
210,super-devoluy,sommarel - 2375 m,7.0,,4.0,30.0,15.0,0,2024-01-27
211,super-devoluy,jas - 1900 m,,,13.0,29.0,10.0,0,2024-01-27
212,sybelles,l ouillon - 2431 m,6.0,6.0,7.0,130.0,40.0,0,2024-01-27
213,sybelles,le corbier - 1550 m,7.0,10.0,3.0,33.0,5.0,0,2024-01-27
214,sybelles,la toussuire - 1750 m,9.0,9.0,4.0,67.0,9.0,0,2024-01-27
215,sybelles,sybelles 2400 - 2400 m,7.0,8.0,9.0,140.0,10.0,0,2024-01-27
216,sybelles,les bottieres - 1160 m,5.0,12.0,4.0,,,0,2024-01-27
217,sybelles,saint sorlin village - 1600 m,11.0,12.0,6.0,62.0,7.0,0,2024-01-27
218,sybelles,saint sorlin 3 lacs - 2620 m,11.0,8.0,7.0,210.0,30.0,0,2024-01-27
219,thollon,parchet - 1870 m,,,,108.0,1.0,0,2024-01-27
220,thollon,météo bas - 1570 m,,,,90.0,2.0,0,2024-01-27
221,tignes,grande motte - 3032 m,4.0,-1.0,10.0,383.0,13.0,1,2024-01-27
222,tignes,tignes lac - 2100 m,-0.0,6.0,4.0,130.0,8.0,1,2024-01-27
223,torgon,plan de croix - station - 1340 m,5.0,9.0,5.0,14.0,12.0,0,2024-01-27
224,torgon,plan de croix - sommet - 1900 m,9.0,12.0,8.0,131.0,22.0,0,2024-01-27
225,val-d-allos,val d allos - station - 1800 m,5.0,,5.0,54.0,8.0,0,2024-01-27
226,val-d-allos,val d allos - altitude - 2400 m,,,7.0,140.0,26.0,0,2024-01-27
227,val-d-arly,nd de bellecombe - 1150 m,-1.0,6.0,7.0,46.0,16.0,0,2024-01-27
228,val-d-arly,val d arly sommet - 2069 m,6.0,5.0,4.0,165.0,56.0,0,2024-01-27
229,val-d-arly,praz sur arly - 1035 m,1.0,6.0,6.0,14.0,10.0,0,2024-01-27
230,val-d-arly,flumet - 1030 m,5.0,10.0,6.0,12.0,5.0,0,2024-01-27
231,val-disere,altitude - 3000 m,-1.0,4.0,13.0,202.0,15.0,1,2024-01-27
232,val-disere,station - 1800 m,-1.0,12.0,4.0,110.0,13.0,1,2024-01-27
233,val-thorens / les-bellevilles,station - 2300 m,-1.0,2.0,4.0,160.0,4.0,1,2024-01-27
234,val-thorens / les-bellevilles,altitude - 3200 m,5.0,8.0,8.0,221.0,6.0,1,2024-01-27
235,valberg-fr,station - 1700 m,2.0,9.0,7.0,35.0,7.0,2,2024-01-27
236,valfrejus,valfréjus village - 1550 m,6.0,9.0,6.0,40.0,5.0,0,2024-01-27
237,valfrejus,punta bagna - 2737 m,6.0,-1.0,4.0,175.0,7.0,0,2024-01-27
238,valloire,valloire - 1400 m,2.0,11.0,,31.0,7.0,1,2024-01-27
239,valloire,le crey du quart - 2534 m,-7.0,8.0,,121.0,10.0,1,2024-01-27
240,valmeinier,valmeinier - 1800 m,2.0,15.0,1.0,53.0,,0,2024-01-27
241,valmeinier,sandoniere - 2750 m,9.0,6.0,10.0,180.0,,0,2024-01-27
242,vars,vars altitude - 2750 m,-0.0,0.0,9.0,161.0,35.0,0,2024-01-27
243,vars,vars station - 1850 m,1.0,13.0,4.0,34.0,24.0,0,2024-01-27
244,vaujany,oz-vaujany - dôme des rousses - 2800 m,-2.0,2.0,5.0,240.0,18.0,0,2024-01-27
245,vaujany,oz-vaujany - vaujany - 1250 m,7.0,7.0,3.0,16.0,4.0,0,2024-01-27
246,villard-de-lans,front de neige villard correncon - 1143 m,,,,40.0,98.0,0,2024-01-27
247,villard-de-lans,altitude - 2029 m,,,,82.0,116.0,0,2024-01-27
0,abondance,abondance altitude - 1730 m,-4.0,13.0,14.0,20.0,4.0,0,2024-01-26
1,abondance,abondance station - 950 m,5.0,14.0,13.0,8.0,9.0,0,2024-01-26
2,albiez-montrond,albiez-montrond chef lieu - 1490 m,4.0,6.0,,26.0,,0,2024-01-26
3,albiez-montrond,haut du domaine - les aplanes - 2200 m,2.0,5.0,,41.0,10.0,0,2024-01-26
4,areches-beaufort,altitude - 2050 m,5.0,,,235.0,22.0,0,2024-01-26
5,areches-beaufort,station - 1200 m,-6.0,,,24.0,16.0,0,2024-01-26
6,aussois,fournache - 2700 m,11.0,12.0,4.0,148.0,241.0,0,2024-01-26
7,aussois,aussois - 1530 m,,,4.0,24.0,23.0,0,2024-01-26
8,aussois,sommet grand jeu - 2190 m,,,,65.0,52.0,0,2024-01-26
9,autrans-meaudre,domaine alpin autrans- méaudre - bas des pistes - 1000 m,-1.0,14.0,9.0,31.0,41.0,0,2024-01-26
10,autrans-meaudre,domaine nordique autrans-méaudre gève - 1250 m,,,,50.0,60.0,0,2024-01-26
11,autrans-meaudre,domaine alpin autrans- méaudre – sommet - 1600 m,10.0,12.0,34.0,51.0,53.0,0,2024-01-26
12,autrans-meaudre,domaine nordique méaudre - 940 m,,,,17.0,18.0,0,2024-01-26
13,bernex,pré richard - 1300 m,-6.0,,26.0,33.0,19.0,0,2024-01-26
14,bernex,pelluaz - bas du télésiège - 1576 m,-3.0,,20.0,72.0,5.0,0,2024-01-26
15,bessans,secteur ski de fond - skating et classique - 1750 m,-10.0,5.0,0.0,62.0,,0,2024-01-26
16,bonneval-sur-arc,station village - 1800 m,3.0,-1.0,3.0,109.0,16.0,0,2024-01-26
17,bonneval-sur-arc,sommet des pistes - 3000 m,-1.0,2.0,11.0,219.0,32.0,0,2024-01-26
18,cauterets,pied de pistes - 1850 m,5.0,2.0,5.0,34.0,,0,2024-01-26
19,cauterets,crêtes du lys - 2415 m,11.0,4.0,7.0,84.0,,0,2024-01-26
20,cauterets,pont d  espagne - 1500 m,10.0,14.0,7.0,5.0,,0,2024-01-26
21,chastreix-sancy,station - 1370 m,1.0,-3.0,,32.0,7.0,0,2024-01-26
22,chastreix-sancy,sommet - 1700 m,,,,10.0,8.0,0,2024-01-26
23,chatel-fr,chatel - sommet - 2200 m,6.0,10.0,7.0,135.0,,2,2024-01-26
24,chatel-fr,chatel - station - 1100 m,7.0,4.0,2.0,12.0,,2,2024-01-26
25,courchevel,courchevel croisette - 1850 m,6.0,6.0,1.0,120.0,23.0,0,2024-01-26
26,courchevel,saulire - 2700 m,6.0,7.0,1.0,218.0,25.0,0,2024-01-26
27,crest-voland,crest-voland village - 1230 m,,,,30.0,5.0,1,2024-01-26
28,crest-voland,val d arly sommet - 2069 m,,,,,,1,2024-01-26
29,crest-voland,sommet mont lachat - 1650 m,,,,103.0,11.0,1,2024-01-26
30,crevoux,crevoux station - 1600 m,-0.0,10.0,8.0,13.0,6.0,0,2024-01-26
31,crevoux,crevoux altitude - 2550 m,-1.0,8.0,13.0,143.0,42.0,0,2024-01-26
32,espace-diamant,crest-voland village - 1230 m,,,,35.0,8.0,1,2024-01-26
33,espace-diamant,val d arly sommet - 2069 m,,,,,,0,2024-01-26
34,espace-diamant,sommet mont lachat - 1650 m,,,,106.0,13.0,0,2024-01-26
35,espace-diamant,sommet de brichou - 1940 m,6.0,1.0,6.0,171.0,10.0,0,2024-01-26
36,espace-diamant,col des saisies - 1650 m,6.0,1.0,7.0,99.0,11.0,0,2024-01-26
37,espace-diamant,nd de bellecombe - 1150 m,-2.0,7.0,5.0,44.0,15.0,0,2024-01-26
38,espace-diamant,val d arly sommet - 2069 m,11.0,4.0,9.0,166.0,56.0,0,2024-01-26
39,espace-diamant,praz sur arly - 1035 m,1.0,7.0,4.0,15.0,12.0,0,2024-01-26
40,espace-diamant,flumet - 1030 m,3.0,11.0,10.0,13.0,5.0,0,2024-01-26
41,evasion-montblanc,megève station - 1151 m,1.0,9.0,8.0,20.0,22.0,0,2024-01-26
42,evasion-montblanc,cote 2000 - 2014 m,3.0,14.0,6.0,211.0,10.0,0,2024-01-26
43,evasion-montblanc,portes du mont-blanc - 1930 m,-2.0,4.0,0.0,181.0,34.0,0,2024-01-26
44,evasion-montblanc,le bettex - 1400 m,4.0,9.0,5.0,24.0,20.0,0,2024-01-26
45,evasion-montblanc,mont arbois - 1840 m,11.0,7.0,10.0,132.0,58.0,0,2024-01-26
46,evasion-montblanc,signal - 1880 m,9.0,,3.0,128.0,13.0,0,2024-01-26
47,evasion-montblanc,aiguille - 2450 m,7.0,,1.0,259.0,36.0,0,2024-01-26
48,flaine,forum - 1600 m,1.0,12.0,5.0,60.0,,0,2024-01-26
49,flaine,grandes platieres - 2500 m,0.0,10.0,6.0,400.0,,0,2024-01-26
50,foretblanche,vars altitude - 2750 m,3.0,8.0,13.0,159.0,35.0,0,2024-01-26
51,foretblanche,vars station - 1850 m,6.0,6.0,11.0,36.0,22.0,0,2024-01-26
52,foretblanche,station - 1850 m,9.0,7.0,9.0,51.0,6.0,0,2024-01-26
53,foretblanche,altitude - 2570 m,0.0,-2.0,10.0,120.0,17.0,0,2024-01-26
54,formigueres,haut de station - 2400 m,,,,31.0,77.0,0,2024-01-26
55,formigueres,bas de station - 1700 m,,,,12.0,38.0,0,2024-01-26
56,galibier-thabor,valmeinier - 1800 m,7.0,7.0,4.0,54.0,,0,2024-01-26
57,galibier-thabor,sandoniere - 2750 m,2.0,8.0,12.0,181.0,,0,2024-01-26
58,galibier-thabor,valloire - 1400 m,0.0,13.0,,34.0,7.0,1,2024-01-26
59,galibier-thabor,le crey du quart - 2534 m,-4.0,8.0,,122.0,11.0,0,2024-01-26
60,gavarnie,pied de piste - 1850 m,,,,8.0,11.0,0,2024-01-26
61,gavarnie,col des tentes - 2200 m,,,,15.0,8.0,0,2024-01-26
62,gourette,gourette station - 1350 m,11.0,10.0,11.0,9.0,10.0,0,2024-01-26
63,gourette,sommet - 2450 m,9.0,2.0,12.0,65.0,26.0,0,2024-01-26
64,grand-massif,flaine - grandes platieres - 2500 m,7.0,4.0,6.0,402.0,,0,2024-01-26
65,grand-massif,les carroz - la kédeuze - 1800 m,4.0,6.0,,87.0,3.0,0,2024-01-26
66,grand-massif,morillon - morillon les esserts - 1077 m,6.0,10.0,1.0,10.0,,0,2024-01-26
67,grand-tourmalet,pied de pistes 1800 - 1800 m,,,,,,0,2024-01-26
68,grand-tourmalet,sommet 2500 - 2500 m,,,,,,0,2024-01-26
69,grand-tourmalet,pied de pistes 1800 - 1800 m,11.0,5.0,,42.0,49.0,0,2024-01-26
70,grand-tourmalet,sommet 2500 - 2500 m,7.0,13.0,,42.0,72.0,0,2024-01-26
71,grandvalira,el tarter - 1710 m,9.0,5.0,21.0,56.0,7.0,0,2024-01-26
72,grandvalira,soldeu - 1800 m,0.0,5.0,18.0,57.0,8.0,0,2024-01-26
73,grandvalira,canillo - 1500 m,6.0,1.0,17.0,55.0,4.0,0,2024-01-26
74,hautacam,naouit haut - 1730 m,,,,0.0,43.0,0,2024-01-26
75,hautacam,front de neige - 1525 m,,,,5.0,31.0,0,2024-01-26
76,bresse,station - 900 m,2.0,10.0,14.0,62.0,8.0,0,2024-01-26
77,bresse,sommet - 1350 m,6.0,11.0,45.0,60.0,6.0,0,2024-01-26
78,la-clusaz,col balme - 2500 m,8.0,7.0,12.0,198.0,7.0,0,2024-01-26
79,la-clusaz,bergerie - 1800 m,,,,140.0,9.0,0,2024-01-26
80,la-clusaz,la clusaz - 1040 m,7.0,,7.0,6.0,6.0,0,2024-01-26
81,la-norma,village - 1350 m,3.0,9.0,5.0,42.0,11.0,0,2024-01-26
82,la-norma,norma 2 - 2750 m,2.0,4.0,9.0,122.0,8.0,0,2024-01-26
83,la-norma,mélezet - 2000 m,,,,53.0,6.0,0,2024-01-26
84,la-pierre-st-martin,station - 1527 m,11.0,12.0,24.0,11.0,3.0,0,2024-01-26
85,la-pierre-st-martin,sommet - 2153 m,11.0,5.0,26.0,32.0,5.0,0,2024-01-26
86,la-rosiere,la rosiere - 1850 m,2.0,8.0,4.0,119.0,88.0,1,2024-01-26
87,la-rosiere,le fort - 2400 m,3.0,9.0,2.0,284.0,100.0,1,2024-01-26
88,la-rosiere,mont valaisan - 2800 m,4.0,7.0,3.0,339.0,123.0,1,2024-01-26
89,la-schlucht,front de neige - 1139 m,11.0,11.0,18.0,8.0,3.0,0,2024-01-26
90,la-schlucht,sommet - 1245 m,7.0,12.0,35.0,11.0,4.0,0,2024-01-26
91,la-thuile,la thuile - 1450 m,1.0,1.0,3.0,66.0,15.0,0,2024-01-26
92,la-thuile,les suches - 2200 m,4.0,1.0,4.0,105.0,83.0,0,2024-01-26
93,la-thuile,chaz dura - 2600 m,6.0,7.0,2.0,153.0,52.0,0,2024-01-26
94,la-thuile,belvedere - 2700 m,8.0,4.0,0.0,205.0,58.0,0,2024-01-26
95,la-thuile,colle piccolo san bernardo - 2188 m,1.0,4.0,2.0,212.0,56.0,0,2024-01-26
96,la-toussuire,la toussuire - 1750 m,5.0,10.0,8.0,66.0,10.0,0,2024-01-26
97,la-toussuire,sybelles 2400 - 2400 m,9.0,11.0,11.0,141.0,11.0,0,2024-01-26
98,la-toussuire,les bottieres - 1160 m,7.0,16.0,5.0,,,0,2024-01-26
99,lans-en-vercors,station - 1400 m,6.0,6.0,13.0,20.0,4.0,2,2024-01-26
100,lans-en-vercors,sommet - 1827 m,2.0,7.0,21.0,35.0,7.0,2,2024-01-26
101,le-cambre-daze,bas de station - 1650 m,,,,22.0,42.0,0,2024-01-26
102,le-cambre-daze,haut de station - 2400 m,,,,21.0,55.0,0,2024-01-26
103,le-corbier,l ouillon - 2431 m,6.0,11.0,10.0,132.0,44.0,0,2024-01-26
104,le-corbier,le corbier - 1550 m,14.0,7.0,5.0,35.0,8.0,0,2024-01-26
105,grandbornand,village - 1000 m,5.0,12.0,12.0,6.0,5.0,0,2024-01-26
106,grandbornand,chinaillon - 1300 m,10.0,11.0,7.0,34.0,2.0,0,2024-01-26
107,grandbornand,les plans - 1150 m,7.0,13.0,6.0,27.0,7.0,0,2024-01-26
108,grandbornand,mont-lachat - 2100 m,12.0,1.0,6.0,152.0,14.0,0,2024-01-26
109,le-lioran,station - 1160 m,5.0,10.0,12.0,26.0,36.0,0,2024-01-26
110,le-lioran,altitude - 1855 m,9.0,10.0,13.0,5.0,36.0,0,2024-01-26
111,les-carroz,village - 1200 m,1.0,7.0,,4.0,20.0,0,2024-01-26
112,les-carroz,la kédeuze - 1800 m,10.0,12.0,,86.0,5.0,0,2024-01-26
113,les-carroz,tête des saix - 2120 m,9.0,15.0,,94.0,44.0,0,2024-01-26
114,les-gets,village - 1200 m,-2.0,8.0,2.0,15.0,13.0,0,2024-01-26
115,les-gets,sommet - 1800 m,10.0,4.0,5.0,145.0,5.0,0,2024-01-26
116,les-menuires / les-bellevilles,st martin - 1369 m,-1.0,10.0,5.0,18.0,10.0,1,2024-01-26
117,les-menuires / les-bellevilles,station - 1850 m,16.0,16.0,5.0,34.0,4.0,1,2024-01-26
118,les-menuires / les-bellevilles,altitude - 2800 m,1.0,-1.0,12.0,144.0,9.0,1,2024-01-26
119,les-saisies-2,sommet de brichou - 1940 m,10.0,8.0,6.0,174.0,11.0,1,2024-01-26
120,les-saisies-2,col des saisies - 1650 m,2.0,0.0,8.0,103.0,14.0,1,2024-01-26
121,les-stations-de-la-drome,col de rousset - haut de station - 1550 m,,,,11.0,23.0,0,2024-01-26
122,les-stations-de-la-drome,col de rousset - station - 1250 m,,,,2.0,18.0,0,2024-01-26
123,les-stations-de-la-drome,font d urle - bas de station - 1400 m,,,,22.0,51.0,0,2024-01-26
124,les-stations-de-la-drome,lus la jarjatte - station - 1180 m,,,,3.0,10.0,0,2024-01-26
125,les-stations-de-la-drome,lus la jarjatte - haut de station - 1521 m,,,,41.0,53.0,0,2024-01-26
126,les-stations-de-la-drome,grand echaillon - station - 1200 m,,,,1.0,32.0,0,2024-01-26
127,les-stations-de-la-drome,herbouilly - station - 1300 m,,,,11.0,41.0,0,2024-01-26
128,les-stations-de-la-drome,valdrôme -,,,,,,0,2024-01-26
129,les-stations-de-la-drome,stade raphaël poirée - station - 1100 m,,,,3.0,12.0,0,2024-01-26
130,les-stations-de-la-drome,stade raphael poirée - haut de station - 1400 m,,,,6.0,13.0,0,2024-01-26
131,les-stations-de-la-drome,font d'urle - sommet - 1650 m,,,,42.0,34.0,0,2024-01-26
132,les-stations-de-la-drome,grand echaillon - sommet - 1320 m,,,,9.0,52.0,0,2024-01-26
133,les-stations-de-la-drome,herbouilly - haut de station - 1522 m,,,,16.0,26.0,0,2024-01-26
134,luz-ardiden,luz-ardiden - 1730 m,9.0,20.0,,23.0,7.0,0,2024-01-26
135,luz-ardiden,sommet - 2500 m,,,,42.0,3.0,0,2024-01-26
136,manigod,tête de cabeau - 1650 m,10.0,11.0,3.0,50.0,20.0,0,2024-01-26
137,manigod,col de merdassier - 1500 m,7.0,13.0,7.0,31.0,23.0,0,2024-01-26
138,meribel-alpina,station - 1450 m,5.0,13.0,6.0,92.0,12.0,0,2024-01-26
139,meribel-alpina,altitude - 2952 m,1.0,6.0,3.0,230.0,53.0,0,2024-01-26
140,meribel-mottaret,station - 1800 m,3.0,11.0,4.0,91.0,5.0,0,2024-01-26
141,meribel-mottaret,altitude - 2700 m,2.0,5.0,5.0,236.0,12.0,0,2024-01-26
142,mont-dore,station - 1200 m,9.0,9.0,7.0,23.0,11.0,0,2024-01-26
143,mont-dore,sommet - 1850 m,10.0,14.0,10.0,44.0,23.0,0,2024-01-26
144,monts-jura,mijoux - valserine - 1000 m,0.0,10.0,12.0,8.0,8.0,0,2024-01-26
145,monts-jura,la vattay - 1300 m,,,,37.0,9.0,0,2024-01-26
146,monts-jura,la faucille - mont rond - 1550 m,6.0,10.0,30.0,18.0,11.0,0,2024-01-26
147,monts-jura,menthieres - 1070 m,,,,,,0,2024-01-26
148,monts-jura,lelex - 900 m,2.0,14.0,7.0,,8.0,0,2024-01-26
149,monts-jura,lelex - monthoisey - 1680 m,6.0,6.0,35.0,32.0,12.0,0,2024-01-26
150,morillon,morillon les esserts - 1077 m,7.0,10.0,2.0,8.0,,0,2024-01-26
151,morillon,sairon - 1714 m,11.0,6.0,5.0,100.0,,0,2024-01-26
152,morzine,morzine - pointe de nyon - 2000 m,7.0,12.0,11.0,159.0,20.0,0,2024-01-26
153,morzine,morzine - pleney - 1500 m,,,,37.0,4.0,0,2024-01-26
154,morzine,morzine - morzine - 1000 m,5.0,9.0,5.0,6.0,7.0,0,2024-01-26
155,morzine,les gets - sommet - 1800 m,10.0,10.0,6.0,141.0,8.0,0,2024-01-26
156,orelle,station - 2375 m,,,,92.0,4.0,0,2024-01-26
157,orelle,altitude - 3200 m,,,,212.0,14.0,0,2024-01-26
158,peyragudes,sommet - 2400 m,12.0,15.0,23.0,92.0,9.0,0,2024-01-26
159,peyragudes,intermed - 2000 m,,,16.0,82.0,9.0,0,2024-01-26
160,peyragudes,pied piste - 1600 m,11.0,10.0,,43.0,5.0,0,2024-01-26
161,piau,piau - 1850 m,4.0,12.0,10.0,27.0,,0,2024-01-26
162,piau,sommet - 2560 m,8.0,9.0,15.0,68.0,,0,2024-01-26
163,porte-puymorens,haut de station - 2471 m,,,,102.0,40.0,0,2024-01-26
164,porte-puymorens,bas de station - 1600 m,,,,50.0,20.0,0,2024-01-26
165,portes-du-mont-blanc,combloux - 980 m,-0.0,3.0,3.0,0.0,,1,2024-01-26
166,portes-du-mont-blanc,la giettaz - le plan - 1200 m,-5.0,-5.0,2.0,65.0,11.0,0,2024-01-26
167,portes-du-mont-blanc,cordon - 1600 m,-1.0,6.0,1.0,2.0,,1,2024-01-26
168,portes-du-mont-blanc,le jaillet - 1600 m,1.0,5.0,1.0,0.0,,0,2024-01-26
169,praloup,station - 1600 m,-5.0,2.0,6.0,51.0,23.0,0,2024-01-26
170,praloup,altitude - 2500 m,7.0,5.0,9.0,58.0,40.0,0,2024-01-26
171,praz-lys-sommand,haut fleury - 1970 m,4.0,11.0,6.0,147.0,9.0,0,2024-01-26
172,praz-lys-sommand,centre station - 1450 m,11.0,5.0,11.0,55.0,6.0,0,2024-01-26
173,queyras,est queyras - haut des pistes - 2060 m,7.0,9.0,,62.0,14.0,0,2024-01-26
174,queyras,ouest queyras - haut des pistes - 2106 m,9.0,5.0,2.0,76.0,30.0,0,2024-01-26
175,queyras,est queyras - bas des pistes - 1554 m,2.0,5.0,1.0,44.0,16.0,0,2024-01-26
176,queyras,ouest queyras - bas des pistes - 1552 m,-5.0,5.0,1.0,40.0,24.0,0,2024-01-26
177,risoul,station - 1850 m,9.0,3.0,6.0,51.0,6.0,0,2024-01-26
178,risoul,altitude - 2570 m,7.0,2.0,11.0,120.0,16.0,0,2024-01-26
179,st-jean-aulps,plateau - 1500 m,,,,95.0,10.0,0,2024-01-26
180,st-jean-aulps,sommet des pistes - 1800 m,,,,113.0,7.0,0,2024-01-26
181,st-jean-aulps,bas des pistes - 974 m,,,,13.0,7.0,0,2024-01-26
182,rouge-gazon,pied des pistes - 980 m,,,,5.0,,0,2024-01-26
183,rouge-gazon,tete des perches - 1226 m,,,,1.0,,0,2024-01-26
184,saint-colomban,saint colomban des villards - 1100 m,,,,23.0,7.0,0,2024-01-26
185,saint-colomban,saint colomban sommet - 2431 m,,,,61.0,,0,2024-01-26
186,saintfrancoislongchamp,station - 1650 m,1.0,10.0,2.0,37.0,8.0,1,2024-01-26
187,saintfrancoislongchamp,altitude - 2550 m,5.0,11.0,13.0,253.0,14.0,1,2024-01-26
188,saint-gervais,saint gervais - le bettex - 1400 m,8.0,10.0,9.0,21.0,22.0,2,2024-01-26
189,saint-gervais,saint gervais - mont arbois - 1840 m,8.0,12.0,5.0,134.0,59.0,2,2024-01-26
190,saint-sorlin,saint sorlin village - 1600 m,11.0,14.0,4.0,62.0,6.0,0,2024-01-26
191,saint-sorlin,saint sorlin 3 lacs - 2620 m,3.0,6.0,7.0,214.0,34.0,0,2024-01-26
192,samoens,tete des saix - 2120 m,11.0,6.0,3.0,92.0,,0,2024-01-26
193,samoens,plateau des saix - 1600 m,7.0,10.0,6.0,27.0,,0,2024-01-26
194,sanbernardo,la rosière - la rosiere - 1850 m,3.0,9.0,2.0,120.0,88.0,0,2024-01-26
195,sanbernardo,la rosière - mont valaisan - 2800 m,5.0,9.0,3.0,337.0,121.0,0,2024-01-26
196,sanbernardo,la thuile - les suches - 2200 m,4.0,2.0,0.0,110.0,82.0,0,2024-01-26
197,sanbernardo,la thuile - chaz dura - 2600 m,0.0,0.0,0.0,156.0,52.0,0,2024-01-26
198,sanbernardo,la thuile - belvedere - 2700 m,10.0,4.0,4.0,200.0,55.0,0,2024-01-26
199,sanbernardo,la thuile - colle piccolo san bernardo - 2188 m,2.0,-2.0,1.0,211.0,59.0,0,2024-01-26
200,sauze,sauze 1400 - 1400 m,-2.0,10.0,1.0,43.0,,0,2024-01-26
201,sauze,sauze 1700 - 1700 m,-0.0,14.0,4.0,47.0,12.0,0,2024-01-26
202,sauze,col de fours - 2400 m,2.0,8.0,2.0,51.0,20.0,0,2024-01-26
203,serre-chevalier,station - 1400 m,-7.0,7.0,7.0,38.0,6.0,0,2024-01-26
204,serre-chevalier,sommet - 2800 m,-3.0,6.0,11.0,116.0,10.0,0,2024-01-26
205,serre-chevalier,altitude - 2100 m,0.0,,3.0,137.0,8.0,0,2024-01-26
206,sixt,salvagny - 760 m,-2.0,5.0,3.0,36.0,,0,2024-01-26
207,super-besse,station - 1300 m,10.0,7.0,11.0,43.0,16.0,0,2024-01-26
208,super-besse,sommet - 1800 m,7.0,17.0,6.0,30.0,13.0,0,2024-01-26
209,super-devoluy,station - 1500 m,-4.0,,6.0,15.0,8.0,0,2024-01-26
210,super-devoluy,sommarel - 2375 m,7.0,,4.0,31.0,15.0,0,2024-01-26
211,super-devoluy,jas - 1900 m,,,13.0,29.0,10.0,0,2024-01-26
212,sybelles,l ouillon - 2431 m,7.0,5.0,7.0,130.0,40.0,0,2024-01-26
213,sybelles,le corbier - 1550 m,9.0,9.0,6.0,36.0,5.0,0,2024-01-26
214,sybelles,la toussuire - 1750 m,7.0,7.0,5.0,67.0,12.0,0,2024-01-26
215,sybelles,sybelles 2400 - 2400 m,6.0,6.0,9.0,140.0,10.0,0,2024-01-26
216,sybelles,les bottieres - 1160 m,5.0,13.0,6.0,,,0,2024-01-26
217,sybelles,saint sorlin village - 1600 m,10.0,10.0,6.0,62.0,7.0,0,2024-01-26
218,sybelles,saint sorlin 3 lacs - 2620 m,13.0,10.0,8.0,210.0,30.0,0,2024-01-26
219,thollon,parchet - 1870 m,,,,108.0,2.0,0,2024-01-26
220,thollon,météo bas - 1570 m,,,,93.0,2.0,0,2024-01-26
221,tignes,grande motte - 3032 m,2.0,1.0,10.0,385.0,15.0,1,2024-01-26
222,tignes,tignes lac - 2100 m,-1.0,7.0,4.0,130.0,9.0,1,2024-01-26
223,torgon,plan de croix - station - 1340 m,3.0,9.0,5.0,15.0,14.0,0,2024-01-26
224,torgon,plan de croix - sommet - 1900 m,7.0,11.0,9.0,131.0,22.0,0,2024-01-26
225,val-d-allos,val d allos - station - 1800 m,7.0,,7.0,55.0,8.0,0,2024-01-26
226,val-d-allos,val d allos - altitude - 2400 m,,,9.0,141.0,26.0,0,2024-01-26
227,val-d-arly,nd de bellecombe - 1150 m,-1.0,7.0,9.0,46.0,17.0,0,2024-01-26
228,val-d-arly,val d arly sommet - 2069 m,9.0,4.0,7.0,165.0,56.0,0,2024-01-26
229,val-d-arly,praz sur arly - 1035 m,1.0,8.0,6.0,14.0,10.0,0,2024-01-26
230,val-d-arly,flumet - 1030 m,5.0,10.0,7.0,12.0,5.0,0,2024-01-26
231,val-disere,altitude - 3000 m,1.0,7.0,13.0,202.0,15.0,1,2024-01-26
232,val-disere,station - 1800 m,2.0,15.0,5.0,113.0,13.0,1,2024-01-26
233,val-thorens / les-bellevilles,station - 2300 m,1.0,-0.0,4.0,160.0,4.0,1,2024-01-26
234,val-thorens / les-bellevilles,altitude - 3200 m,2.0,8.0,8.0,223.0,6.0,1,2024-01-26
235,valberg-fr,station - 1700 m,5.0,6.0,7.0,35.0,7.0,2,2024-01-26
236,valfrejus,valfréjus village - 1550 m,5.0,8.0,6.0,40.0,7.0,0,2024-01-26
237,valfrejus,punta bagna - 2737 m,7.0,-3.0,6.0,177.0,7.0,0,2024-01-26
238,valloire,valloire - 1400 m,5.0,9.0,,31.0,7.0,1,2024-01-26
239,valloire,le crey du quart - 2534 m,-7.0,8.0,,121.0,12.0,1,2024-01-26
240,valmeinier,valmeinier - 1800 m,4.0,14.0,1.0,53.0,,0,2024-01-26
241,valmeinier,sandoniere - 2750 m,10.0,8.0,10.0,183.0,,0,2024-01-26
242,vars,vars altitude - 2750 m,1.0,-2.0,10.0,161.0,35.0,0,2024-01-26
243,vars,vars station - 1850 m,3.0,14.0,4.0,34.0,24.0,0,2024-01-26
244,vaujany,oz-vaujany - dôme des rousses - 2800 m,-3.0,5.0,5.0,241.0,18.0,0,2024-01-26
245,vaujany,oz-vaujany - vaujany - 1250 m,5.0,10.0,3.0,17.0,4.0,0,2024-01-26
246,villard-de-lans,front de neige villard correncon - 1143 m,,,,40.0,98.0,0,2024-01-26
247,villard-de-lans,altitude - 2029 m,,,,82.0,117.0,0,2024-01-26
